"","user_id","action_number","swipe_number","ps_fs","ps_ls","ps_md","ps_fq","ps_tq","ps_ir","ps_am","ps_vr","ps_sd","ps_mxsd","ps_20sd","ps_50sd","ps_80sd","ps_cv","ps_se","ps_mn","ps_mx","ps_qm","ps_rg","ps_sk","ps_ku","dp_fs","dp_ls","dp_md","dp_fq","dp_tq","dp_ir","dp_am","dp_vr","dp_sd","dp_mxsd","dp_20sd","dp_50sd","dp_80sd","dp_cv","dp_se","dp_mn","dp_mx","dp_qm","dp_rg","dp_sk","dp_ku","dp1_fs","dp1_ls","dp1_md","dp1_fq","dp1_tq","dp1_ir","dp1_am","dp1_vr","dp1_sd","dp1_mxsd","dp1_20sd","dp1_50sd","dp1_80sd","dp1_cv","dp1_se","dp1_mn","dp1_mx","dp1_qm","dp1_rg","dp1_sk","dp1_ku","dp2_fs","dp2_ls","dp2_md","dp2_fq","dp2_tq","dp2_ir","dp2_am","dp2_vr","dp2_sd","dp2_mxsd","dp2_20sd","dp2_50sd","dp2_80sd","dp2_cv","dp2_se","dp2_mn","dp2_mx","dp2_qm","dp2_rg","dp2_sk","dp2_ku","dp3_fs","dp3_ls","dp3_md","dp3_fq","dp3_tq","dp3_ir","dp3_am","dp3_vr","dp3_sd","dp3_mxsd","dp3_20sd","dp3_50sd","dp3_80sd","dp3_cv","dp3_se","dp3_mn","dp3_mx","dp3_qm","dp3_rg","dp3_sk","dp3_ku","x_fs","x_ls","x_md","x_fq","x_tq","x_ir","x_am","x_vr","x_sd","x_mxsd","x_20sd","x_50sd","x_80sd","x_cv","x_se","x_mn","x_mx","x_qm","x_rg","x_sk","x_ku","y_fs","y_ls","y_md","y_fq","y_tq","y_ir","y_am","y_vr","y_sd","y_mxsd","y_20sd","y_50sd","y_80sd","y_cv","y_se","y_mn","y_mx","y_qm","y_rg","y_sk","y_ku","sx_fs","sx_ls","sx_md","sx_fq","sx_tq","sx_ir","sx_am","sx_vr","sx_sd","sx_mxsd","sx_20sd","sx_50sd","sx_80sd","sx_cv","sx_se","sx_mn","sx_mx","sx_qm","sx_rg","sx_sk","sx_ku","sy_fs","sy_ls","sy_md","sy_fq","sy_tq","sy_ir","sy_am","sy_vr","sy_sd","sy_mxsd","sy_20sd","sy_50sd","sy_80sd","sy_cv","sy_se","sy_mn","sy_mx","sy_qm","sy_rg","sy_sk","sy_ku","vx_fs","vx_ls","vx_md","vx_fq","vx_tq","vx_ir","vx_am","vx_vr","vx_sd","vx_mxsd","vx_20sd","vx_50sd","vx_80sd","vx_cv","vx_se","vx_mn","vx_mx","vx_qm","vx_rg","vx_sk","vx_ku","vy_fs","vy_ls","vy_md","vy_fq","vy_tq","vy_ir","vy_am","vy_vr","vy_sd","vy_mxsd","vy_20sd","vy_50sd","vy_80sd","vy_cv","vy_se","vy_mn","vy_mx","vy_qm","vy_rg","vy_sk","vy_ku","ax_fs","ax_ls","ax_md","ax_fq","ax_tq","ax_ir","ax_am","ax_vr","ax_sd","ax_mxsd","ax_20sd","ax_50sd","ax_80sd","ax_cv","ax_se","ax_mn","ax_mx","ax_qm","ax_rg","ax_sk","ax_ku","ay_fs","ay_ls","ay_md","ay_fq","ay_tq","ay_ir","ay_am","ay_vr","ay_sd","ay_mxsd","ay_20sd","ay_50sd","ay_80sd","ay_cv","ay_se","ay_mn","ay_mx","ay_qm","ay_rg","ay_sk","ay_ku","dp_mg","dp_ec","dp_ang","dp_avang","dp_ra","tm_dr","tm_fl"
"1",20,1,1,0.07374848,0.02783883,0.050793655,0.02783883,0.0770451825,0.0492063525,0.0540903575,0.000947838921107025,0.0307869927259391,0.0328449325,0.0236141655,0.0262515275,0.0288888895,0.569177098264493,0.0153934963629695,0.02783883,0.08693529,0.0603046098180568,0.05909646,0.0586629011235206,-2.37027965904183,0,0,0,-0.0003887925,3.833375e-05,0.00042712625,-0.00035045875,6.5026000310625e-07,0.000806387005789559,0.00120471125,0.00035045875,0.00042712625,0.00078416075,-2.30094698959452,0.000403193502894779,-0.00155517,0.000153335,0.000781355449063517,0.001708505,-0.731593976155698,-1.69870683570905,0.07374848,0,0.07374848,0.07374848,0.07374848,0,0.07374848,0,0,0,0,0,0,0,0,0.07374848,0.07374848,0.07374848,0,0,0,0,0.02783883,0.02783883,0.02783883,0.02783883,0,0.02783883,0,0,0,0,0,0,0,0,0.02783883,0.02783883,0.02783883,0,0,0,0,0,0.05738706,0.042612945,0.072161175,0.02954823,0.05738706,0.0017461957922658,0.0417875076101196,0.02954823,0.02954823,0.02954823,0.02954823,0.728169514349046,0.02954823,0.02783883,0.08693529,0.0645474441908934,0.05909646,0,0,626,247,284.75328,247,398.37992,151.37992,360.62664,32566.0624440917,180.460695011661,265.37336,83.424016,113.62664,174.325328,0.500408663685137,90.2303475058305,247,626,393.034502697611,379,0.667824229663947,-1.75184814633113,199,347,319.57565,268.863475,347,78.136525,296.287825,4875.1603729225,69.8223486637516,97.287825,32.081915,50.712175,69.342435,0.235657164325776,34.9111743318758,199,347,302.395181051092,148,-0.484772511199108,-1.91854525208223,0,0,-37.75328,-132.50328,0,132.50328,-94.75,20633.0862420224,143.64221608574,208.74344,64.547376,94.75,140.347376,-1.51601283467799,71.82110804287,-303.49344,0,156.372558914654,303.49344,-0.623137527564943,-1.79029177204583,0,0,27.42435,0,64.42435,64.42435,37,2069.84819446,45.4955843402412,56.1513,29.33948,37,44.66052,1.22961038757409,22.7477921701206,0,93.1513,54.049848712508,93.1513,0.216163199421228,-2.19525274711681,0,0,-0.993507368421052,-2.3725094247246,0,2.3725094247246,-1.37900205630355,2.93181197341422,1.71225347814341,2.14999143206854,1.07060630599755,1.37900205630355,1.68739780660955,-1.24166129435162,0.856126739071707,-3.52899348837209,0,2.02497053098313,3.52899348837209,-0.24493383849971,-2.16420577795545,0,0,0.541577325581395,0,1.17321269889841,1.17321269889841,0.631635373317013,0.553578864998966,0.744028806565288,0.81175146878825,0.559588935128519,0.631635373317013,0.703681811505508,1.17794037192383,0.372014403282644,0,1.44338684210526,0.90230116567283,1.44338684210526,0.0746265731091214,-2.35217014800951,0,0,-0.0205174040021633,-0.0438485713772062,0,0.0438485713772062,-0.0233311673750429,0.00074690386629251,0.0273295420066365,0.028958694120802,0.0210801566767392,0.0233311673750429,0.0255821780733465,-1.17137482095605,0.0136647710033183,-0.0522898614958449,0,0.0332343387297182,0.0522898614958449,-0.0542957457447862,-2.37524767893438,0,0,0.00629741076257436,0,0.0189420822103435,0.0189420822103435,0.0126446714477692,0.000320617536578225,0.0179057961726985,0.0253391928181588,0.00760674283770969,0.0126446714477692,0.017722479995925,1.41607445054316,0.00895289808634926,0,0.037983864265928,0.0200087697886626,0.037983864265928,0.532415341407232,-1.87303529288632,991.80434730582,406.872215812287,0.372291135187683,0,0.410234354101726,8,0
"2",20,1,2,0.07643468,0.032234434,0.046398049,0.032234434,0.064529918,0.032295484,0.050366303,0.000480345004066924,0.0219167744904884,0.026068377,0.0149572658,0.018131869,0.0213064722,0.435147572584163,0.0109583872452442,0.032234434,0.07643468,0.0538240023682558,0.044200246,0.162728204031863,-2.2536998998944,0,0,-8.35421894736842e-05,-0.000462542212781955,0,0.000462542212781955,-0.000379000023308271,4.24308907754829e-07,0.000651389981312907,0.000969915690977443,0.000312166271729323,0.000379000023308271,0.00061536629037594,-1.7187069690048,0.000325694990656453,-0.00134891571428571,0,0.000679612167698454,0.00134891571428571,-0.718221302324014,-1.71101233609004,0.07643468,0,0.07643468,0.07643468,0.07643468,0,0.07643468,0,0,0,0,0,0,0,0,0.07643468,0.07643468,0.07643468,0,0,0,0,0.032234434,0.032234434,0.032234434,0.032234434,0,0.032234434,0,0,0,0,0,0,0,0,0.032234434,0.032234434,0.032234434,0,0,0,0,0,0.046398049,0.0393162415,0.0534798565,0.014163615,0.046398049,0.00040121597973645,0.020030376425231,0.014163615,0.014163615,0.014163615,0.014163615,0.431707299270946,0.014163615,0.032234434,0.060561664,0.0485117196239695,0.02832723,0,0,609,226,269.64781,226,387.221715,161.221715,343.573905,33005.0109077961,181.672812792107,265.426095,82.655657,117.573905,176.714781,0.528773606342739,90.8364063960537,226,609,377.884620456822,383,0.642965846364345,-1.77301483228053,281,367,351.92679,322.890185,367,44.109815,337.963395,1644.10297303743,40.5475396668828,56.963395,17.865889,29.036605,40.207321,0.119976128381841,20.2737698334414,281,367,339.782774121503,86,-0.509548599544651,-1.89471878262941,0,0,-43.64781,-139.39781,0,139.39781,-95.75,19463.1185407896,139.510281129348,199.95438,60.831752,95.75,137.431752,-1.45702643477125,69.7551405646738,-295.70438,0,154.160310733964,295.70438,-0.574358890625551,-1.83408661658789,0,0,15.07321,0,36.57321,36.57321,21.5,726.4763458776,26.9532251479781,34.35358,16.358568,21.5,26.641432,1.25363837897573,13.4766125739891,0,55.85358,31.7349532756581,55.85358,0.272110757619647,-2.13516105960413,0,0,-1.55633884210526,-3.37374183458647,0,3.37374183458647,-1.8174029924812,4.5856834910702,2.14142090469627,2.33953129323308,1.60855167218045,1.8174029924812,2.02625431278195,-1.17828622135848,1.07071045234814,-4.15693428571428,0,2.59657779690544,4.15693428571428,-0.0756816952347964,-2.35097601025878,0,0,0.293966210526316,0,0.799835268170426,0.799835268170426,0.50586905764411,0.460945515619993,0.678929683855399,0.929674751879698,0.336346779949875,0.50586905764411,0.675391335338346,1.34210557771067,0.3394648419277,0,1.43554380952381,0.77563692549848,1.43554380952381,0.435500400474513,-1.96688770243746,0,0,-0.0163825141274238,-0.0740610841163058,0,0.0740610841163058,-0.057678569988882,0.0089833945271836,0.0947807708724908,0.140270681711798,0.0445725586869429,0.057678569988882,0.0907154146780485,-1.64325798803196,0.0473903854362454,-0.19794925170068,0,0.100321300486736,0.19794925170068,-0.69314193507272,-1.7309376808305,0,0,0.0030943811634349,0,0.0217313790013882,0.0217313790013882,0.0186369978379533,0.00110731140612521,0.0332762889476157,0.04972223118699,0.0161614929072053,0.0186369978379533,0.031071091177568,1.78549620689714,0.0166381444738078,0,0.0683592290249433,0.0343194003882029,0.0683592290249433,0.733112825479727,-1.69966413209513,1016.3643440568,392.536622495278,0.22087949767533,0,0.386216443729693,9,0
"3",20,1,3,0.07448108,0.03711844,0.05579976,0.0464591,0.06514042,0.01868132,0.05579976,0.0006979834338848,0.0264193761070317,0.01868132,0.01868132,0.01868132,0.01868132,0.473467558050998,0.01868132,0.03711844,0.07448108,0.0588439031081386,0.03736264,0,-2.75,0,-0.000455641951219512,-0.000227820975609756,-0.000341731463414634,-0.000113910487804878,0.000227820975609756,-0.000227820975609756,1.03804793855562e-07,0.000322187513500387,0.000227820975609756,0.000227820975609756,0.000227820975609756,0.000227820975609756,-1.4142135623731,0.000227820975609756,-0.000455641951219512,0,0.000322187513500387,0.000455641951219512,0,-2.75,0.07448108,0,0.07448108,0.07448108,0.07448108,0,0.07448108,0,0,0,0,0,0,0,0,0.07448108,0.07448108,0.07448108,0,0,0,0,0.03711844,0.03711844,0.03711844,0.03711844,0,0.03711844,0,0,0,0,0,0,0,0,0.03711844,0.03711844,0.03711844,0,0,0,0,0,0,0,0,0,0,0,0,0,0,0,0,0,0,0,0,0,0,0,0,588,588,588,588,588,0,588,0,0,0,0,0,0,0,0,588,588,588,0,0,0,179,179,179,179,179,0,179,0,0,0,0,0,0,0,0,179,179,179,0,0,0,0,0,0,0,0,0,0,0,0,0,0,0,0,0,0,0,0,0,0,0,0,0,0,0,0,0,0,0,0,0,0,0,0,0,0,0,0,0,0,0,0,0,0,0,0,0,0,0,0,0,0,0,0,0,0,0,0,0,0,0,0,0,0,0,0,0,0,0,0,0,0,0,0,0,0,0,0,0,0,0,0,0,0,0,0,0,0,0,0,0,0,0,0,0,0,0,0,0,0,0,0,0,0,0,0,0,0,0,0,0,0,0,0,0,0,0,0,0,0,0,0,0,0,0,0,0,869.235296108022,0,0,0,0,82,0
"4",20,1,4,0.07496948,0.02881563,0.02881563,0.02881563,0.0403540925,0.0115384625,0.0403540925,0.000532544467455625,0.023076925,0.0346153875,0.0115384625,0.0115384625,0.0207692325,0.571860834189246,0.0115384625,0.02881563,0.07496948,0.0450317791352982,0.04615385,0.75,-1.6875,0,0,0,-0.000116550126262626,0,0.000116550126262626,-0.000116550126262626,5.43357277273365e-08,0.000233100252525253,0.000349650378787879,0.000116550126262626,0.000116550126262626,0.000209790227272727,-2,0.000116550126262626,-0.000466200505050505,0,0.000233100252525253,0.000466200505050505,-0.75,-1.6875,0.07496948,0,0.07496948,0.07496948,0.07496948,0,0.07496948,0,0,0,0,0,0,0,0,0.07496948,0.07496948,0.07496948,0,0,0,0,0.02881563,0.02881563,0.02881563,0.02881563,0,0.02881563,0,0,0,0,0,0,0,0,0.02881563,0.02881563,0.02881563,0,0,0,0,0,0.02881563,0.02881563,0.02881563,0,0.02881563,0,0,0,0,0,0,0,0,0.02881563,0.02881563,0.02881563,0,0,0,612,245,245.304315,245,337.2064725,92.2064725,336.9021575,33635.1147392859,183.398786090001,275.0978425,91.6587055,91.9021575,165.1804315,0.544368096217968,91.6993930450004,245,612,372.463957696069,367,0.749994495432094,-1.68750367512205,234,358,357.7609,326.64135,358,31.35865,326.88045,3834.17436881,61.9207103383836,92.88045,30.92827,31.11955,55.82391,0.18942922508331,30.9603551691918,234,358,331.249844330243,124,-0.749970205074377,-1.68751993138823,0,0,-0.304315000000003,-92.054315,0,92.054315,-91.75,33523.5854803179,183.094471463007,274.64137,91.506548,91.75,164.906548,-1.99558007044149,91.5472357315036,-366.39137,0,183.195937755831,366.39137,-0.749994477122409,-1.68750368735552,0,0,0.239100000000008,0,31.2391,31.2391,31,3804.62125016,61.681611929002,92.5218,30.80872,31,55.60872,1.98972941706458,30.840805964501,0,123.5218,61.7613628219132,123.5218,0.74996997373775,-1.68752008640719,0,0,-0.304315000000003,-1.38170323232324,0,1.38170323232324,-1.07738823232323,3.14139979762394,1.77239944640703,2.6235346969697,0.833936232323232,1.07738823232323,1.69584681818182,-1.64508892266728,0.886199723203515,-3.70092292929293,0,1.87531737350416,3.70092292929293,-0.693872911406147,-1.73034489907039,0,0,0.239100000000008,0,0.670573737373749,0.670573737373749,0.431473737373741,0.346913194274054,0.588993373709802,0.816221212121208,0.277574747474754,0.431473737373741,0.585372727272728,1.36507352056892,0.294496686854901,0,1.24769494949495,0.668097658840985,1.24769494949495,0.468884584800912,-1.93399782755407,0,0,-0.0186915299459239,-0.180194794918887,0,0.180194794918887,-0.161503264972963,0.0891649172263917,0.298604951778084,0.447126735027042,0.146550041016224,0.161503264972963,0.275752652994595,-1.84890969125653,0.149302475889042,-0.608630000000005,0,0.304888491938809,0.608630000000005,-0.742282687854451,-1.69292609179093,0,0,0.00630148964391389,0,0.129002234465875,0.129002234465875,0.122700744821961,0.0562040613224961,0.237073957495327,0.355499255178055,0.11765955310683,0.122700744821961,0.215820148964398,1.93213136431504,0.118536978747663,0,0.478200000000015,0.239183023585989,0.478200000000015,0.748595657712785,-1.68845818406625,996.90693477662,387.382240171126,0.325832164383637,0,0.388584156311369,8,0
"5",20,1,5,0.07692308,0.026862029,0.026862029,0.026862029,0.03937729175,0.01251526275,0.03937729175,0.00062652720680615,0.0250305255,0.03754578825,0.01251526275,0.01251526275,0.02252747295,0.635658888349019,0.01251526275,0.026862029,0.07692308,0.0449495996719574,0.050061051,0.75,-1.6875,0,0,0,-0.000113775115909091,0,0.000113775115909091,-0.000113775115909091,5.17791080005083e-08,0.000227550231818182,0.000341325347727273,0.000113775115909091,0.000113775115909091,0.000204795208636364,-2,0.000113775115909091,-0.000455100463636364,0,0.000227550231818182,0.000455100463636364,-0.75,-1.6875,0.07692308,0,0.07692308,0.07692308,0.07692308,0,0.07692308,0,0,0,0,0,0,0,0,0.07692308,0.07692308,0.07692308,0,0,0,0,0.026862029,0.026862029,0.026862029,0.026862029,0,0.026862029,0,0,0,0,0,0,0,0,0.026862029,0.026862029,0.026862029,0,0,0,0,0,0.026862029,0.026862029,0.026862029,0,0.026862029,0,0,0,0,0,0,0,0,0.026862029,0.026862029,0.026862029,0,0,0,626,233,250.302535,233,357.2038025,124.2038025,339.9012675,36644.9956324262,191.42882654508,286.0987325,93.0592395,106.9012675,178.5802535,0.563189504861378,95.7144132725399,233,626,378.175380441967,393,0.734033406584421,-1.69897767624623,288,422,408.0365,367.55475,422,54.44525,381.51825,4060.27633225,63.7202976472176,93.51825,29.31095,40.48175,61.69635,0.167017692200092,31.8601488236088,288,422,385.488498313828,134,-0.660186839611493,-1.75828899352162,0,0,-17.302535,-115.552535,0,115.552535,-98.25,30344.0622398033,174.19547135274,260.14493,84.407972,98.25,163.007972,-1.77298189672,87.09773567637,-358.39493,0,180.030856188189,358.39493,-0.730768357562425,-1.70142113008687,0,0,13.9635,0,47.4635,47.4635,33.5,2514.132886,50.1411296841226,72.573,22.3292,33.5,49.1292,1.49675013982455,25.0705648420613,0,106.073,54.8438662431816,106.073,0.608565372857352,-1.80319126509084,0,0,-1.15350233333333,-2.54478743181818,0,2.54478743181818,-1.39128509848485,2.73167401609626,1.65277766686759,1.86685062878788,1.20105888636364,1.39128509848485,1.58151131060606,-1.18795038390587,0.826388833433793,-3.25813572727273,0,1.99610363892715,3.25813572727273,-0.104540560136598,-2.31845197057211,0,0,0.48215,0,1.188675,1.188675,0.706525,0.799821142500001,0.894327201028796,1.155275,0.527025,0.706525,0.886025000000001,1.26581111925098,0.447163600514398,0,1.8618,1.0483527233236,1.8618,0.298358486764373,-2.10737825072717,0,0,-0.0148097078512397,-0.0606646395546373,0,0.0606646395546373,-0.0458549317033976,0.00537371547944594,0.0733056306121565,0.107945379407714,0.0340071654224059,0.0458549317033976,0.070691110785124,-1.59864223735666,0.0366528153060783,-0.153800311111111,0,0.0783132260292456,0.153800311111111,-0.67315471227703,-1.7473875876414,0,0,0.00438318181818182,0,0.0376047727272728,0.0376047727272728,0.0332215909090909,0.003689309040427,0.0607396825841805,0.0908984090909092,0.0297150454545455,0.0332215909090909,0.0562923181818182,1.82831950313251,0.0303698412920903,0,0.12412,0.0622145954166002,0.12412,0.739770006006818,-1.6947485506652,1080.03333412386,415.216810835014,0.328604978654192,0,0.384448144067557,8,0
"6",20,1,6,0.07619048,0.024908427,0.024908427,0.024908427,0.06910867,0.044200243,0.0440048862,0.000690034167816884,0.0262685014383555,0.0321855938,0.0190964592,0.0190964592,0.0265201458,0.596945105572287,0.0117476309766428,0.024908427,0.07619048,0.049884439895908,0.051282053,0.311923382103196,-2.21485212747803,0,0,0,-8.5323012048193e-05,0,8.5323012048193e-05,-0.000277066031821403,3.28367667210676e-07,0.000573033740028173,0.00102294111523742,0.000260001429411765,0.000277066031821403,0.000426241048504607,-2.06822083624293,0.000256268479220787,-0.00130000714705882,0,0.000582631718805112,0.00130000714705882,-1.062422227081,-0.933692549113916,0.07619048,0,0.07619048,0.07619048,0.07619048,0,0.07619048,0,0,0,0,0,0,0,0,0.07619048,0.07619048,0.07619048,0,0,0,0,0.024908427,0.024908427,0.024908427,0.024908427,0,0.024908427,0,0,0,0,0,0,0,0,0.024908427,0.024908427,0.024908427,0,0,0,0,0,0.024908427,0.024908427,0.0470085485,0.0221001215,0.0396418413333333,0.000651220493753016,0.0255190221942969,0.0294668286666667,0.0147334143333333,0.0147334143333333,0.0235734629333333,0.643739577577061,0.0147334143333333,0.024908427,0.06910867,0.0447841777878362,0.044200243,0,0,641,280,329.27664,280,466.47028,186.47028,397.945444,24503.4974898181,156.535930347694,243.054556,68.6400104,117.945444,148.5830264,0.393360277665835,70.0049962357232,272.9803,641,421.857054453534,368.0197,0.561272149188212,-1.67706617247652,288,385,361.3617,306.00012,385,78.99988,345.750124,2129.36760056688,46.1450712489089,57.750124,34.522216,39.750004,45.6609656,0.133463643382262,20.6367032278263,288,388.3888,348.204885558013,100.3888,-0.231259725193854,-2.1461628636349,0,7.0197,-56.29634,-137.19364,0,137.19364,-72.2,6609.2680263034,81.297404794393,102.32972,55.175644,72.2,83.841704,-1.12600283648744,36.357304702916,-174.52972,7.0197,102.470749099647,181.54942,-0.174393923380402,-2.11123929179988,0,-3.3888,18.00012,0,27.0271,27.0271,19.4,562.2642399902,23.7121116729447,35.96158,6.38165600000002,19.4,25.423356,1.22227379757447,10.6043787181541,-3.3888,55.36158,28.7431973167941,58.75038,0.417198684081111,-1.67957989890094,0,1.00281428571429,-2.10276771084337,-3.51852125,0,3.51852125,-1.73071634679052,4.77811348375687,2.18588963210791,2.73353063250481,1.45898335024299,1.78780490320948,2.39021869612737,-1.26299704521857,0.977559561741061,-4.03510705882353,1.00281428571429,2.61110510321845,5.03792134453782,0.145666793261163,-2.09559526752603,0,-0.484114285714286,0.21686891566265,0,1.62828176470588,1.62828176470588,0.61004602893085,0.981323752863655,0.990617864195703,1.09416031464514,0.56667224579832,1.01823573577503,1.08215023978435,1.62384118118404,0.443017776813449,-0.484114285714286,1.68919375,1.07573935491141,2.17330803571429,0.14704317471257,-2.16369024127002,0,0.143259183673469,-0.0253345507330527,-0.118679619377163,0,0.118679619377163,-0.0441325129123492,0.0184677086650381,0.13589594793458,0.187391696585819,0.0390656027657386,0.0745471064648135,0.178098391487284,-3.07927056418656,0.0607745154896986,-0.219907578125,0.143259183673469,0.129312975481926,0.363166761798469,0.0659684609701192,-1.69668008192161,0,-0.0691591836734695,0.00261287850195964,0,0.0478906401384083,0.0478906401384083,0.0173837888683797,0.00417958770022376,0.064649730859639,0.0881908205066204,0.0168612131679878,0.0305068512700286,0.0868725421348034,3.7189666389261,0.0289122385858438,-0.0691591836734695,0.105574609375,0.060381009229719,0.17473379304847,0.0426712201176226,-1.65370467313601,1223.13126180039,373.804761874431,0.26249796073321,-0.34591591149675,0.305612957127929,7,0
"7",20,1,7,0.083028086,0.02759463,0.055311358,0.041452994,0.069169722,0.027716728,0.055311358,0.00153643402205197,0.0391973726422061,0.027716728,0.027716728,0.027716728,0.027716728,0.708667696103323,0.027716728,0.02759463,0.083028086,0.0618673042473175,0.055433456,8.43879973943143e-17,-2.75,0,-0.000759362410958904,-0.000379681205479452,-0.000569521808219178,-0.000189840602739726,0.000379681205479452,-0.000379681205479452,2.8831563558866e-07,0.000536950310167207,0.000379681205479452,0.000379681205479452,0.000379681205479452,0.000379681205479452,-1.41421356237309,0.000379681205479452,-0.000759362410958904,0,0.000536950310167207,0.000759362410958904,0,-2.75,0.083028086,0,0.083028086,0.083028086,0.083028086,0,0.083028086,0,0,0,0,0,0,0,0,0.083028086,0.083028086,0.083028086,0,0,0,0,0.02759463,0.02759463,0.02759463,0.02759463,0,0.02759463,0,0,0,0,0,0,0,0,0.02759463,0.02759463,0.02759463,0,0,0,0,0,0,0,0,0,0,0,0,0,0,0,0,0,0,0,0,0,0,0,0,269,269,269,269,269,0,269,0,0,0,0,0,0,0,0,269,269,269,0,0,0,150,150,150,150,150,0,150,0,0,0,0,0,0,0,0,150,150,150,0,0,0,0,0,0,0,0,0,0,0,0,0,0,0,0,0,0,0,0,0,0,0,0,0,0,0,0,0,0,0,0,0,0,0,0,0,0,0,0,0,0,0,0,0,0,0,0,0,0,0,0,0,0,0,0,0,0,0,0,0,0,0,0,0,0,0,0,0,0,0,0,0,0,0,0,0,0,0,0,0,0,0,0,0,0,0,0,0,0,0,0,0,0,0,0,0,0,0,0,0,0,0,0,0,0,0,0,0,0,0,0,0,0,0,0,0,0,0,0,0,0,0,0,0,0,0,0,0,435.570889752747,0,0,0,0,73,0
"8",20,2,8,0.06617827,0.044200245,0.07728938,0.06068376375,0.07942613,0.01874236625,0.06959707125,0.000280670555540863,0.0167532252280229,0.02539682625,0.00761904875,0.01037850875,0.02246642325,0.240717388348765,0.00592315958274026,0.044200245,0.08766789,0.0713396037462771,0.043467645,-0.62931928569399,-1.45973420799985,0,0,0,-6.46411764705884e-05,0.000261196950757576,0.000325838127228164,-2.32906064710572e-05,2.6084296706223e-07,0.000510727879660226,0.00112059478826579,2.32906064710572e-05,0.000194372426470588,0.000492295253998968,-21.928492085206,0.000180569573524386,-0.00114388539473684,0.000604074210526316,0.000478309573946875,0.00174795960526316,-1.04573562415721,0.206497674346909,0.06617827,0,0.06617827,0.06617827,0.06617827,0,0.06617827,0,0,0,0,0,0,0,0,0.06617827,0.06617827,0.06617827,0,0,0,0,0.044200245,0.044200245,0.044200245,0.044200245,0,0.044200245,0,0,0,0,0,0,0,0,0.044200245,0.044200245,0.044200245,0,0,0,0,0,0.07826618,0.07710623,0.08052503,0.0034188,0.0743996758333333,0.000233923367704644,0.0152945535307391,0.0301994308333333,0.00325600416666667,0.00557590416666667,0.0132682141666667,0.205572851755447,0.00624397533233228,0.044200245,0.08766789,0.0756984009333021,0.043467645,0,0,655,246,585.219065,335.872125,650.02665,314.154525,498.24622875,33505.6927712432,183.045602982544,252.24622875,128.97277225,153.10487125,214.04924575,0.367379806249149,64.7163935676688,246,655,526.846073951809,409,-0.433047713603388,-1.845152256383,271,404,270.5,264.5957675,342.481595,77.8858275,306.2796325,4068.64838945848,63.7859576196711,97.7203675,35.6796325,43.9392375,79.3117495,0.208260526823216,22.5517415886736,254.58081,404,312.037306463684,149.41919,0.705773879889473,-1.4838151927499,0,0,-14.538485,-89.5133225000001,-0.75,88.7633225000001,-51.125,4662.2905536034,68.2809677260318,128.5606,35.300638,50.625,61.6727,-1.33556905087593,24.1409676525284,-179.6856,0,81.8124065127226,179.6856,-0.770337247147782,-1.1538563119024,0,0,-0.5,-3.17385500000001,16.8486625,20.0225175,16.625,1308.82808189991,36.1777290871043,65.39954,17.025,19.82385,40.720386,2.17610400523936,12.7907587827106,-9.02148999999997,82.02454,37.7043127064057,91.04603,0.959513460481052,-1.10801889710246,0,0,-0.898916709558822,-3.53281959752322,-0.0394736842105263,3.49334591331269,-1.8899932225628,5.02043326742774,2.24063233651301,3.55502495925538,1.38939197468249,1.86367743308911,2.42463417901686,-1.18552400599339,0.792183159647103,-5.44501818181818,0,2.82222491845221,5.44501818181818,-0.497295262682605,-1.68457157057852,0,0,-0.0263157894736842,-0.186697352941177,0.51056553030303,0.697262883244207,0.400999081182862,1.13360717774848,1.06470990309496,1.75754144513293,0.422051712761809,0.589166728241686,1.3706947064907,2.65514299921659,0.37643179623746,-0.563843124999998,2.15854052631579,1.07364172033292,2.72238365131579,0.861724174494023,-1.24915776212029,0,0,-0.050657953085911,-0.110915674850422,-0.00207756232686981,0.108838112523552,-0.0795927308658044,0.00970010967542403,0.0984891348089932,0.195175193009628,0.0324812883586295,0.0782076893145578,0.0830817844053515,-1.23741369014023,0.0348211675483176,-0.274767923875433,0,0.121748095560762,0.274767923875433,-0.833268178306308,-0.829887290871707,0,0,-0.00138504155124654,-0.0109821972318339,0.0142009245152355,0.0251831217470694,0.00731784754369452,0.00116040808387077,0.0340647630825574,0.0545688834021273,0.00842588078469175,0.0183865326648018,0.0467147274528261,4.65502497546695,0.0120437124875948,-0.0352401953124999,0.0618867309458218,0.0326941579805885,0.0971269262583217,0.608257728236401,-1.29293704099581,1731.89853343329,430.081387646571,0.314397745729951,0,0.24832943694108,8,0
"9",20,2,9,0.07350428,0.024420027,0.069719175,0.05518925925,0.07527473,0.02008547075,0.06056166425,0.000521556880710719,0.0228376198565157,0.03614163725,0.00840048975,0.01477411575,0.02949938865,0.37709696619699,0.00807431793335139,0.024420027,0.08009768,0.0642189804290881,0.055677653,-0.819309439919872,-1.30764322412784,0,0,-1.52625e-05,-0.000344753088235295,2.6709375e-05,0.000371462463235295,-0.000211849041555259,2.40053494846299e-07,0.000489952543463445,0.00103135226147504,0.000193534041555259,0.000265267791555259,0.000449609455369875,-2.31274373424836,0.000173224382971299,-0.0012432013030303,0.00030525,0.000504902787077268,0.0015484513030303,-1.0032045194973,-0.325201318374086,0.07350428,0,0.07350428,0.07350428,0.07350428,0,0.07350428,0,0,0,0,0,0,0,0,0.07350428,0.07350428,0.07350428,0,0,0,0,0.024420027,0.024420027,0.024420027,0.024420027,0,0.024420027,0,0,0,0,0,0,0,0,0.024420027,0.024420027,0.024420027,0,0,0,0,0,0.070573875,0.06556777,0.07539683,0.00982906,0.0644281678333333,0.000417493963930544,0.020432669035898,0.0400081408333333,0.00150590216666666,0.0109076121666667,0.0156695121666667,0.317138756587871,0.00834160220351926,0.024420027,0.08009768,0.0670738432398871,0.055677653,0,0,638,300,580.413025,431.018925,632.4289,201.409975,517.11162125,21445.5683078382,146.443054829644,221.64180125,63.75442425,116.84097875,178.62232425,0.283194283036323,51.7754385638574,295.46982,638,534.947942421655,342.53018,-0.61007807663688,-1.55644573242858,253,347,253.553435,251.74408,294.085625,42.341545,279.0506575,1880.56354591654,43.3654648991169,69.8239125,25.3865355,27.5624975,52.3898685,0.155403557503235,15.3320071497364,250,348.87457,281.983621073741,98.87457,0.84991231134566,-1.31035646416701,0,4.53017999999997,-12.06595,-66.999125,-0.75,66.249125,-42.25,3972.18595849054,63.0252803126693,136.97208,26.93416,38.7026,44.968108,-1.49172261095075,22.2828015476357,-179.22208,4.53017999999997,72.5308569760431,183.75226,-1.14930731398472,-0.099643620246451,0,-1.87457000000001,-0.488159999999993,-1.00592,8.66530999999999,9.67122999999999,11.75,666.237961849772,25.811585806567,60.67707,11.054378,12.73816,13.284214,2.19673070694187,9.12577367850099,-1.87457000000001,72.42707,26.8518289250202,74.30164,1.55384217705838,0.859143659238564,0,0.566272499999997,-0.72096544117647,-4.0084651194853,-0.046875,3.9615901194853,-1.84581284327652,5.62600977450403,2.37192111473043,3.5851592779356,1.59225784327652,1.90912205882353,2.6048233063447,-1.2850279611881,0.83860075233272,-5.43097212121212,0.566272499999997,2.88613644949361,5.99724462121212,-0.417354354804659,-1.82820293437905,0,-0.234321250000001,-0.0287152941176467,-0.0628700000000002,0.53025778492647,0.59312778492647,0.426799727746212,0.776270811003601,0.8810623195913,1.76795996922349,0.449771963040329,0.490039727746212,0.846142179450758,2.06434602065915,0.311502570415479,-0.234321250000001,2.1947596969697,0.928113660729327,2.4290809469697,1.04455958896002,-0.708035584119904,0,0.0707840624999996,-0.0431099616133217,-0.17958183336193,-0.0029296875,0.17665214586193,-0.0868393908073571,0.0155140262545895,0.124555314035932,0.199356117005143,0.068913155767073,0.0848862658073571,0.149679353723755,-1.43431814615377,0.0440369535938136,-0.2861955078125,0.0707840624999996,0.145312947697577,0.3569795703125,-0.362306954075893,-1.59058662505275,0,-0.0292901562500001,-0.00168913494809686,-0.00392937500000001,0.0272849345293132,0.0312143095293132,0.0159266440292273,0.00158746688214738,0.0398430280243279,0.0713414419082727,0.0172779519877048,0.0198791440292274,0.04843545545724,2.50165872679838,0.014086637649504,-0.0292901562500001,0.0872680859375,0.0405301309140827,0.1165582421875,0.737376862472621,-1.15749920509008,1710.40127140977,350.8275929855,0.271252007484884,-0.0185241762763746,0.205114202643416,8,0
"10",20,2,10,0.07936508,0.042246643,0.07741148,0.07326008,0.08034188,0.0070818,0.0725158463809524,0.0001870202799313,0.0136755358188007,0.0302692033809524,0.00196523361904762,0.00709343361904761,0.0134426436190476,0.188586860683637,0.00298424657422543,0.042246643,0.08669109,0.0737337272125952,0.044444447,-1.40186874332563,0.581434766836524,0,0,-6.10501249999999e-05,-0.000156889522058824,4.66853529411768e-05,0.000203574875,-0.000119692409297014,1.16192934663437e-07,0.000340870847482498,0.00113183402820299,5.36145622381909e-05,0.000143647058823529,0.000285605115027852,-2.84789026709818,7.62210386518829e-05,-0.0012515264375,0.000359117941176471,0.000353142408630836,0.00161064437867647,0,0,0.07936508,0,0.07936508,0.07936508,0.07936508,0,0.07936508,0,0,0,0,0,0,0,0,0.07936508,0.07936508,0.07936508,0,0,0,0,0.042246643,0.042246643,0.042246643,0.042246643,0,0.042246643,0,0,0,0,0,0,0,0,0.042246643,0.042246643,0.042246643,0,0,0,0,0,0.07741148,0.07338218,0.08034188,0.0069597,0.0737484763684211,0.000152688931505896,0.0123567362805029,0.0315018333684211,0.00146520227368422,0.00586080363157895,0.0117704516736842,0.167552428049808,0.00283482972203656,0.042246643,0.08669109,0.0747227571668532,0.044444447,0,0,416,663,595.5483,466.16116,633.9428,167.78164,561.270209047619,8173.75958850622,90.4088468486697,145.270209047619,42.532609047619,78.686690952381,112.331949047619,0.16107900506973,19.7288278179857,416,663,568.162635612192,247,-0.464187869342361,-1.4587045017788,235,285,270.94354,255.0293,280.98096,25.95166,266.552961904762,289.199601219236,17.0058696107913,31.5529619047619,5.59044190476192,14.4279980952381,18.4470380952381,0.0637992145698514,3.71098498809526,235,285,267.069110328841,50,-0.591389284032364,-1.11656860916346,0,0,7.9402,6.00420000000008,17.2229,11.2186999999999,11.7619047619048,130.223921718526,11.4115696430652,40.8145352380953,3.82170476190476,5.75770476190468,10.3292352380952,0.970214423094609,2.49020865179078,0,52.57644,16.1976907680444,52.57644,2.04074066482731,5.032643422475,0,0,2.02033,1.01166000000001,3.03486000000004,2.02320000000003,2.38095238095238,3.40836917758904,1.84617690852991,3.58456761904762,0.407622380952405,1.36453238095237,2.38095238095238,0.775394301582561,0.402868829981803,0,5.96552,2.985799746095,5.96552,0.691617608432249,-0.506389554539673,0,0,0.667282352941176,0.375262500000005,1.07117882352941,0.695916323529409,0,0,0,0,0,0,0,0,0,0,0,0,0,0,0,0,0,0.123729375,0.0632287500000004,0.180932941176469,0.117704191176469,0,0,0,0,0,0,0,0,0,0,0,0,0,0,0,0,0,0.0392519031141868,0.0234539062500003,0.0614191003460205,0.0379651940960202,0,0,0,0,0,0,0,0,0,0,0,0,0,0,0,0,0,0.00705155709342553,0.00395179687500002,0.0106431141868511,0.00669131731185111,0,0,0,0,0,0,0,0,0,0,0,0,0,0,0,2876.94777396988,252.009920439653,2.94186246763134,0,0.0875962791955398,8,0
"11",20,2,11,0.06788767,0.03736264,0.0700854725,0.03736264,0.07655678,0.03919414,0.060378513125,0.000372706741108021,0.0193056142380402,0.023015873125,0.013565323875,0.016788766875,0.023015873125,0.319743121167497,0.0068255653713449,0.03736264,0.07741148,0.0630212920024282,0.04004884,-0.36232637795266,-2.01855384777726,0,0,0,-7.18236029411769e-05,7.36811206896552e-05,0.000145504723630832,-0.000264481900592672,8.29031134923369e-07,0.000910511468858778,0.00220804559940733,0.000255863077063261,0.000264481900592672,0.000574679381196121,-3.44262298031899,0.000321914416989083,-0.0024725275,0.000320512812500001,0.000891825610082521,0.0027930403125,-1.7088047848138,1.36561829469712,0.06788767,0,0.06788767,0.06788767,0.06788767,0,0.06788767,0,0,0,0,0,0,0,0,0.06788767,0.06788767,0.06788767,0,0,0,0,0.03736264,0.03736264,0.03736264,0.03736264,0,0.03736264,0,0,0,0,0,0,0,0,0.03736264,0.03736264,0.03736264,0,0,0,0,0,0.0743589775,0.04609279875,0.07680098,0.03070818125,0.0629629658333333,0.000396550592053404,0.0199135780826401,0.0256003258333333,0.0134717141666667,0.0142043141666667,0.0256003258333333,0.316274461011772,0.00812968420925647,0.03736264,0.07741148,0.0655346770285829,0.04004884,0,0,610,322,473.16725,347.320075,603.095995,255.77592,470.650535,17987.8715509562,134.118870972568,148.650535,96.233753,133.904305,144.930107,0.284964875207393,47.4181815748931,322,610,487.084503657089,288,-0.0244313792189408,-2.12672702111677,266,351,295.0023,265.75,339.2825775,73.5325775,302.92267125,1611.2321798069,40.1401566988334,48.07732875,32.59044775,37.42267125,44.01546575,0.132509582505649,14.1916884998179,265,351,305.24084411259,86,0.128774873617556,-2.08375383453395,0,0,-19.79774,-38.8935875,-1.8956025,36.997985,-36,2967.09037777683,54.4710049271797,126.5585,5.82019999999999,31.818575,36,-1.51308347019943,19.2584084810273,-162.5585,0,62.3875314510418,162.5585,-1.44646241620743,0.720118019683986,0,0,2.56385,0,15.53071,15.53071,10.625,297.640356225685,17.2522565545985,39.1242,5.19785799999999,10.625,11.225,1.62374179337397,6.09959380026332,-1,49.7492,19.3216442545006,50.7492,1.33381358244348,0.388722862776181,0,0,-1.30062569852941,-2.84736015625,-0.0653656034482757,2.78199455280173,-1.65403689744971,3.2586319149713,1.80516811266189,3.12709545549147,1.21373435255029,1.43883100495478,1.65403689744971,-1.09137112687462,0.638223306822473,-4.78113235294118,0,2.36371338865882,4.78113235294118,-0.411859525388864,-1.53644976291915,0,0,0.160240625,0,1.05204036458333,1.05204036458333,0.502485995552316,0.408349469900517,0.639022276529165,0.960725769153566,0.480747925889539,0.502485995552316,0.694457404337812,1.27172156475082,0.225928492531519,-0.0344827586206897,1.46321176470588,0.780895615232378,1.49769452332657,0.458705228313045,-1.81323011158426,0,0,-0.0804065830449827,-0.151928076171875,-0.00225398632580261,0.149674089846072,-0.090465838252178,0.00908285149726943,0.0953039951799998,0.143979300636711,0.0585049474555332,0.088963180701643,0.0925099182870644,-1.053480485245,0.033695050632974,-0.234445138888889,0,0.127010089956586,0.234445138888889,-0.226895939992944,-1.88306623756681,0,0,0.0100150390625,0,0.0474133219006813,0.0474133219006813,0.0288647096983242,0.00157518067860752,0.0396885459371784,0.0796299430794535,0.0200484421433801,0.0288647096983242,0.0310305026296724,1.3749851064493,0.0140320199838063,-0.00118906064209275,0.108494652777778,0.0470261050880265,0.10968371341987,0.878947045746798,-0.775284948371808,1625.84940659937,300.281534563816,0.286991114434544,0,0.184692095925345,9,0
"12",20,2,12,0.06520147,0.025396828,0.06520147,0.045299149,0.06520147,0.019902321,0.051933256,0.000528136508249388,0.0229812207736967,0.026536428,0.013268214,0.013268214,0.0212291424,0.442514537769338,0.013268214,0.025396828,0.06520147,0.0552191459935875,0.039804642,-0.38490017945975,-2.33333333333333,0,-0.0011056845,0,-0.00055284225,0,0.00055284225,-0.0003685615,4.0751273784675e-07,0.000638367243713797,0.000737123,0.0003685615,0.0003685615,0.0005896984,-1.73205080756888,0.0003685615,-0.0011056845,0,0.000638367243713797,0.0011056845,-0.384900179459751,-2.33333333333333,0.06520147,0,0.06520147,0.06520147,0.06520147,0,0.06520147,0,0,0,0,0,0,0,0,0.06520147,0.06520147,0.06520147,0,0,0,0,0.025396828,0.025396828,0.025396828,0.025396828,0,0.025396828,0,0,0,0,0,0,0,0,0.025396828,0.025396828,0.025396828,0,0,0,0,0,0.06520147,0.06520147,0.06520147,0,0.06520147,0,0,0,0,0,0,0,0,0.06520147,0.06520147,0.06520147,0,0,0,582,581,581,581,581.5,0.5,581.333333333333,0.333333333333333,0.577350269189626,0.666666666666629,0.333333333333371,0.333333333333371,0.533333333333326,0.000993148398835365,0.333333333333333,581,582,581.3335244648,1,0.384900179459619,-2.33333333333343,162,162,162,162,162,0,162,0,0,0,0,0,0,0,0,162,162,162,0,0,0,0,0,0,-0.5,0,0.5,-0.333333333333333,0.333333333333333,0.577350269189626,0.666666666666667,0.333333333333333,0.333333333333333,0.533333333333333,-1.73205080756888,0.333333333333333,-1,0,0.577350269189626,1,-0.384900179459751,-2.33333333333333,0,0,0,0,0,0,0,0,0,0,0,0,0,0,0,0,0,0,0,0,0,0,0,0,-0.0384615384615385,0,0.0384615384615385,-0.0256410256410256,0.0019723865877712,0.0444115591684328,0.0512820512820513,0.0256410256410256,0.0256410256410256,0.041025641025641,-1.73205080756888,0.0256410256410256,-0.0769230769230769,0,0.0444115591684328,0.0769230769230769,-0.38490017945975,-2.33333333333333,0,0,0,0,0,0,0,0,0,0,0,0,0,0,0,0,0,0,0,0,0,0,0,0,-0.00295857988165681,0,0.00295857988165681,-0.0019723865877712,1.16709265548592e-05,0.00341627378218713,0.00394477317554241,0.0019723865877712,0.0019723865877712,0.00315581854043393,-1.73205080756888,0.0019723865877712,-0.00591715976331361,0,0.00341627378218713,0.00591715976331361,-0.384900179459751,-2.33333333333333,0,0,0,0,0,0,0,0,0,0,0,0,0,0,0,0,0,0,0,0,0,1045.26455981249,1,0,0,0.000956695595017006,36,0
"13",20,2,13,0.041269843,0.03760684,0.04737485,0.04035409225,0.051648356,0.01129426375,0.046886449875,6.22065424332764e-05,0.0078871124268186,0.013431014125,0.002881564325,0.0053724065,0.009279609875,0.16821730900603,0.00278851534049206,0.03760684,0.060317464,0.0474633533003095,0.022710624,0.225949590003267,-1.40003008308888,0,0,0,-0.000236120072794117,0.000213729604723708,0.000449849677517825,-5.12967393456625e-05,1.87693695426102e-07,0.000433236304372223,0.000781857201830809,7.92100066926619e-05,0.000277649889969548,0.000523079921202466,-8.44568894433748,0.000153172164338899,-0.000833153941176471,0.000569800722222222,0.000408489092835214,0.00140295466339869,-0.383028026403846,-1.03001260559629,0.041269843,0,0.041269843,0.041269843,0.041269843,0,0.041269843,0,0,0,0,0,0,0,0,0.041269843,0.041269843,0.041269843,0,0,0,0,0.03760684,0.03760684,0.03760684,0.03760684,0,0.03760684,0,0,0,0,0,0,0,0,0.03760684,0.03760684,0.03760684,0,0,0,0,0,0.0500610545,0.0467643485,0.051892556,0.0051282075,0.0493691526666667,5.61610971803887e-05,0.00749407080166639,0.0117623126666667,0.00215710333333333,0.0029304045,0.0109483113333333,0.151796625967338,0.00305944159339545,0.03760684,0.060317464,0.0498408883281752,0.022710624,0,0,625,175,479.490375,283.410775,612.640875,329.2301,435.68819375,37876.9595612317,194.620038950854,260.68819375,116.80397875,180.30035625,232.13763875,0.446695691420382,68.8085746484693,175,625,472.193330945298,450,-0.285480106725811,-1.86493491498961,211,291,217.98285,209.080825,259.2300075,50.1491825,235.74112625,1371.67086103323,37.036075129976,55.25887375,17.63578075,27.57947625,46.25177475,0.157104853612601,13.0942299364702,203,291,238.273142861344,88,0.604336244808184,-1.57816574885188,0,0,-34.59825,-100.5961625,-1.737075,98.8590875,-56.25,4024.19909199357,63.4365753488756,91.74405,34.96111,55.09195,75.47862,-1.12776133953557,22.4282163022207,-147.99405,0,81.7632968115546,147.99405,-0.438355689064672,-1.73205562531238,0,0,0,-1.580825,22.3928525,23.9736775,10,294.6994470066,17.1668123717422,32.35999,10.4,12.6445,13.675744,1.71668123717422,6.069384719708,-3.67670000000001,42.35999,18.9172412399582,46.03669,0.738830330621642,-1.19631768919141,0,0,-2.03519117647059,-4.62740775401069,-0.0965041666666669,4.53090358734403,-2.62084177844623,7.76704265642619,2.78694145191932,4.60654322155377,1.84542268724005,2.46347712418301,2.62084177844623,-1.06337645974629,0.985332599711018,-7.227385,0,3.69661655463778,7.227385,-0.354029224629931,-1.66989266042246,0,0,0,-0.0905387254901959,0.847372072192513,0.937910797682709,0.4636141227347,0.748129639050271,0.864944876307312,1.6543853772653,0.4636141227347,0.589136018159536,0.829351646041296,1.86565687689862,0.30580419369473,-0.216276470588236,2.1179995,0.932497447164362,2.33427597058824,0.849608260540577,-1.03352850467133,0,0,-0.0911168189443984,-0.219172188581315,-0.00536134259259261,0.213810845988722,-0.130155098880713,0.0202085207757761,0.14215667685964,0.231214151119287,0.0712949317809508,0.126580870485651,0.152402855656383,-1.09220981799512,0.050259975099198,-0.36136925,0,0.186072043691287,0.36136925,-0.453724077380824,-1.62014279294309,0,0,0,-0.00518964180443418,0.0356073994823987,0.0407970412868329,0.0225850816321694,0.00207930624752224,0.0455994106049874,0.0833148933678306,0.0225850816321694,0.0298779454879513,0.0497226584140506,2.01900579097475,0.0161218262284482,-0.0127221453287198,0.105899975,0.0482646752699499,0.11862212032872,0.874874682892436,-1.13709907551243,1495.96960503411,457.055795281058,0.175939625452528,0,0.305524787230311,8,0
"14",20,2,14,0.06886447,0.03980464,0.054334555,0.0470695975,0.0615995125,0.014529915,0.054334555,0.00042223685981445,0.0205484028531283,0.014529915,0.014529915,0.014529915,0.014529915,0.378182960238255,0.014529915,0.03980464,0.06886447,0.0562437756285551,0.02905983,0,-2.75,0,-0.000593057755102041,-0.00029652887755102,-0.000444793316326531,-0.00014826443877551,0.00029652887755102,-0.00029652887755102,1.75858750443336e-07,0.000419355160267924,0.00029652887755102,0.00029652887755102,0.00029652887755102,0.00029652887755102,-1.4142135623731,0.00029652887755102,-0.000593057755102041,0,0.000419355160267924,0.000593057755102041,0,-2.75,0.06886447,0,0.06886447,0.06886447,0.06886447,0,0.06886447,0,0,0,0,0,0,0,0,0.06886447,0.06886447,0.06886447,0,0,0,0,0.03980464,0.03980464,0.03980464,0.03980464,0,0.03980464,0,0,0,0,0,0,0,0,0.03980464,0.03980464,0.03980464,0,0,0,0,0,0,0,0,0,0,0,0,0,0,0,0,0,0,0,0,0,0,0,0,299,299,299,299,299,0,299,0,0,0,0,0,0,0,0,299,299,299,0,0,0,139,139,139,139,139,0,139,0,0,0,0,0,0,0,0,139,139,139,0,0,0,0,0,0,0,0,0,0,0,0,0,0,0,0,0,0,0,0,0,0,0,0,0,0,0,0,0,0,0,0,0,0,0,0,0,0,0,0,0,0,0,0,0,0,0,0,0,0,0,0,0,0,0,0,0,0,0,0,0,0,0,0,0,0,0,0,0,0,0,0,0,0,0,0,0,0,0,0,0,0,0,0,0,0,0,0,0,0,0,0,0,0,0,0,0,0,0,0,0,0,0,0,0,0,0,0,0,0,0,0,0,0,0,0,0,0,0,0,0,0,0,0,0,0,0,0,0,466.308910487458,0,0,0,0,49,0
"15",20,3,15,0.048107453,0.034920637,0.053846158,0.038217341,0.05995116375,0.02173382275,0.0498982533333333,0.00015809309224474,0.0125735075553618,0.0149776163333333,0.00968660966666667,0.0110297116666667,0.0149776163333333,0.251982919549658,0.00513311296461092,0.034920637,0.061782666,0.0512013664783939,0.026862029,-0.25863787964543,-2.06556369116847,0,0,-7.18236764705874e-06,-7.90059779411765e-05,0,7.90059779411765e-05,-4.85167297261296e-05,1.88755856894349e-07,0.000434460420400235,0.000722240332773871,4.85167297261296e-05,5.02765294117648e-05,0.000643091207986999,-8.95485789855799,0.000177367723902607,-0.0007707570625,0.00059457447826087,0.000399562786649702,0.00136533154076087,-0.224889134041932,-0.92697577972093,0.048107453,0,0.048107453,0.048107453,0.048107453,0,0.048107453,0,0,0,0,0,0,0,0,0.048107453,0.048107453,0.048107453,0,0,0,0,0.034920637,0.034920637,0.034920637,0.034920637,0,0.034920637,0,0,0,0,0,0,0,0,0.034920637,0.034920637,0.034920637,0,0,0,0,0,0.0598290635,0.0534188065,0.0605006145,0.00708180799999999,0.0540903575,0.000164211518328188,0.0128145042170264,0.0191697205,0.0057875461,0.0068376075,0.0122832733,0.236909216527667,0.00640725210851322,0.034920637,0.061782666,0.0552170753773137,0.026862029,0,0,630,81,445.15178,149.30259,584.422975,435.120385,380.472743333333,62993.1223364849,250.984306952616,299.472743333333,155.620456666667,234.793706666667,299.472743333333,0.659664355332618,102.463914246663,81,630,444.132611990304,549,-0.250594848491943,-2.03836832697607,218,362,230.086335,205.0445525,332.0431675,126.998615,263.306488333333,6114.07883184382,78.1925752987061,98.6935116666667,45.3064883333333,65.4733583333333,98.6935116666667,0.296964103671149,31.9219851926636,194.94019,362,272.810140008826,167.05981,0.437715540060071,-1.96854254968229,0,0,-46.9534,-152.522055,-7.36677499999999,145.15528,-91.5,12502.510643259,111.814626249248,181.71036,62.0329,90.94142,91.5,-1.22201777321583,45.6481300151113,-273.21036,0,137.080300807164,273.21036,-0.58984963920271,-1.60056418959174,0,0,0,-4.33940999999999,35.42436,39.76377,24,2693.07224937972,51.8948190995953,95.82733,24,26.89294,41.27393,2.1622841291498,21.1859711813412,-17.27393,119.82733,53.1058082932846,137.10126,0.916027319781751,-0.955473298297496,0,0,-2.53587442455243,-4.95976411764706,-0.320294565217391,4.63946955242967,-3.15984464887042,11.52273363568,3.39451522837651,5.37797910112958,1.87866638800085,2.67474764705882,3.15984464887042,-1.07426649268659,1.38580503893826,-8.53782375,0,4.42570855736439,8.53782375,-0.411465383327916,-1.65496624600623,0,0,0,-0.255259411764706,1.04189294117647,1.29715235294118,0.673734722266624,2.78165925474399,1.66783070326217,3.07086934023338,0.673734722266624,0.864768235294118,1.42477515704923,2.47550059116909,0.680889033389924,-0.751040434782609,3.7446040625,1.66492277747078,4.49564449728261,0.890159718626295,-0.95842134327598,0,0,-0.106520749766158,-0.206565579584775,-0.0139258506616257,0.192639728923149,-0.117137205367374,0.0132870204969234,0.115269338928109,0.149669786820126,0.0614338027208714,0.111487370242215,0.117137205367374,-0.984054029346128,0.0470585105603003,-0.2668069921875,0,0.157459969395551,0.2668069921875,-0.125894577955684,-2.03643351009836,0,0,0,-0.0150152595155709,0.0306439100346021,0.045659169550173,0.0175338576163494,0.00299706299035706,0.054745438078045,0.0994850193367756,0.0175338576163494,0.030439446366782,0.0501877895634194,3.1222700261349,0.0223497315060571,-0.03265393194707,0.117018876953125,0.0529621436015823,0.149672808900195,0.81990840216317,-1.01881954294141,1276.74386513106,567.571140915392,0.256516612644324,0,0.444545814094929,8,0
"16",20,3,16,0.059584863,0.05445666,0.0570207615,0.05573871075,0.05830281225,0.0025641015,0.0570207615,1.31492330046045e-05,0.0036261871166012,0.00256410150000001,0.0025641015,0.0025641015,0.0025641015,0.0635941545010969,0.0025641015,0.05445666,0.059584863,0.0570783834611859,0.005128203,-1.42253698817279e-15,-2.75,0,-8.99684736842106e-05,-4.49842368421053e-05,-6.7476355263158e-05,-2.24921184210527e-05,4.49842368421053e-05,-4.49842368421053e-05,4.04716312853325e-09,6.36173178351088e-05,4.49842368421053e-05,4.49842368421053e-05,4.49842368421053e-05,4.49842368421053e-05,-1.41421356237309,4.49842368421053e-05,-8.99684736842106e-05,0,6.36173178351088e-05,8.99684736842106e-05,0,-2.75,0.059584863,0,0.059584863,0.059584863,0.059584863,0,0.059584863,0,0,0,0,0,0,0,0,0.059584863,0.059584863,0.059584863,0,0,0,0,0.05445666,0.05445666,0.05445666,0.05445666,0,0.05445666,0,0,0,0,0,0,0,0,0.05445666,0.05445666,0.05445666,0,0,0,0,0,0,0,0,0,0,0,0,0,0,0,0,0,0,0,0,0,0,0,0,601,601,601,601,601,0,601,0,0,0,0,0,0,0,0,601,601,601,0,0,0,140,140,140,140,140,0,140,0,0,0,0,0,0,0,0,140,140,140,0,0,0,0,0,0,0,0,0,0,0,0,0,0,0,0,0,0,0,0,0,0,0,0,0,0,0,0,0,0,0,0,0,0,0,0,0,0,0,0,0,0,0,0,0,0,0,0,0,0,0,0,0,0,0,0,0,0,0,0,0,0,0,0,0,0,0,0,0,0,0,0,0,0,0,0,0,0,0,0,0,0,0,0,0,0,0,0,0,0,0,0,0,0,0,0,0,0,0,0,0,0,0,0,0,0,0,0,0,0,0,0,0,0,0,0,0,0,0,0,0,0,0,0,0,0,0,0,0,872.698115043226,0,0,0,0,57,0
"17",20,3,17,0.050061055,0.042246643,0.050061055,0.042246643,0.050549455,0.008302812,0.0480097712,3.12958207677002e-05,0.00559426677659371,0.00693528879999999,0.0024420038,0.0057631282,0.00599756032,0.116523504211028,0.00250183215934643,0.042246643,0.05494506,0.0482698123809334,0.012698417,-0.0276924979359728,-2.06495662824213,0,0,0,-0.0002747253125,0,0.0002747253125,-5.60304202777778e-05,5.2498801218114e-08,0.000229126168776319,0.000327364031388889,5.60304202777778e-05,0.000218694892222222,0.000242056790055556,-4.08931733227052,0.000102468337761588,-0.0002767604,0.000271333611111111,0.000212458111097213,0.000548094011111111,0.236440387830599,-1.82691826475875,0.050061055,0,0.050061055,0.050061055,0.050061055,0,0.050061055,0,0,0,0,0,0,0,0,0.050061055,0.050061055,0.050061055,0,0,0,0,0.042246643,0.042246643,0.042246643,0.042246643,0,0.042246643,0,0,0,0,0,0,0,0,0.042246643,0.042246643,0.042246643,0,0,0,0,0,0.050549455,0.046398049,0.0527472575,0.0063492085,0.0492470526666667,4.15846374548763e-05,0.00644861515791385,0.00700040966666667,0.00306064433333333,0.00569800733333333,0.00647944873333333,0.13094418465125,0.00372310969732186,0.042246643,0.05494506,0.0495277224187629,0.012698417,0,0,615,200,467.9975,200,576.5184,376.5184,411.90318,40324.744268562,200.810219532179,211.90318,142.91104,203.09682,211.90318,0.487518012199321,89.8050602901217,200,615,449.359572179076,415,-0.148574026420728,-2.20321671339153,169,313,197.83722,171.46295,313,141.53705,232.860034,5479.78291690628,74.0255558365237,80.139966,56.12223,63.860034,80.139966,0.317897213037956,33.1052349845346,169,313,242.090110843062,144,0.243836868650458,-2.23511323240552,0,0,-38.4816,-108.5209,0,108.5209,-83,12658.819820405,112.511420844308,184.9975,40.7189,83,103.3995,-1.35555928728082,50.3166370505919,-267.9975,0,130.445604971283,267.9975,-0.718433366668502,-1.41424026702557,0,0,2.46295000000001,0,26.37427,26.37427,28.8,2454.23353451595,49.5402213813781,86.36278,21.554786,28.8,40.312556,1.72014657574229,22.15506052583,0,115.16278,52.8472026469969,115.16278,0.950921782296183,-1.09117462291225,0,0,-2.13786666666666,-6.78255625,0,6.78255625,-3.57073458333333,16.6564428520738,4.08123055610361,5.36251541666667,2.85603091666667,3.57073458333333,3.92909075,-1.14296665317917,1.82518179105939,-8.93325,0,5.10639792282894,8.93325,-0.274625263092062,-2.08973685164136,0,0,0.136830555555556,0,1.648391875,1.648391875,1.12479635277778,2.78653935441062,1.66929307025777,2.71396298055556,0.895091742222222,1.12479635277778,1.44262967833333,1.48408471109932,0.746530555893142,0,3.83875933333333,1.86933098159494,3.83875933333333,0.701832898583543,-1.49368541074101,0,0,-0.11877037037037,-0.297775,0,0.297775,-0.168091027199074,0.0353007184427395,0.187884854213264,0.255818738425926,0.113611309606481,0.168091027199074,0.185636569444444,-1.11775659500699,0.0840246611926993,-0.423909765625,0,0.237687122450989,0.423909765625,-0.280557877071785,-2.01002832333409,0,0,0.00760169753086422,0,0.1030244921875,0.1030244921875,0.0477169668325617,0.00391517546635094,0.0625713629893975,0.0802416776118827,0.0461966273263889,0.0477169668325617,0.0602943558063272,1.31130218752084,0.0279827642178214,0,0.127958644444444,0.0735462391749609,0.127958644444444,0.329814617314902,-2.16792820183492,1141.34054268866,439.273263470473,0.33398896422076,0,0.38487484413344,9,0
"18",20,3,18,0.06495727,0.058852263,0.06495727,0.0619047665,0.06544567,0.0035409035,0.0632478676666667,1.47295398492163e-05,0.00383790826482556,0.00439560466666666,0.00210012233333333,0.00268620233333333,0.00371184373333333,0.0606804372449735,0.00221581736982212,0.058852263,0.06593407,0.0633254487359781,0.007081807,-0.357040819533019,-2.33333333333333,0,-0.000252921678571428,0,-0.000126460839285714,3.75692307692304e-05,0.000164030070054945,-5.92610723443225e-05,2.95397699037793e-08,0.000171871376045516,0.000193660606227106,8.93164569597068e-05,0.000134399533882783,0.000169956177289377,-2.90024073555231,9.92299852258703e-05,-0.000252921678571428,7.51384615384609e-05,0.000152332053853586,0.000328060140109889,-0.303807081892856,-2.33333333333333,0.06495727,0,0.06495727,0.06495727,0.06495727,0,0.06495727,0,0,0,0,0,0,0,0,0.06495727,0.06495727,0.06495727,0,0,0,0,0.058852263,0.058852263,0.058852263,0.058852263,0,0.058852263,0,0,0,0,0,0,0,0,0.058852263,0.058852263,0.058852263,0,0,0,0,0,0.06593407,0.06593407,0.06593407,0,0.06593407,0,0,0,0,0,0,0,0,0.06593407,0.06593407,0.06593407,0,0,0,327,326,326,326,326.5,0.5,326.333333333333,0.333333333333333,0.577350269189626,0.666666666666686,0.333333333333314,0.333333333333314,0.533333333333337,0.00176920409353307,0.333333333333333,326,327,326.333673816642,1,0.384900179459816,-2.33333333333328,152,151,151,151,151.5,0.5,151.333333333333,0.333333333333333,0.577350269189626,0.666666666666657,0.333333333333343,0.333333333333343,0.533333333333331,0.00381508988451295,0.333333333333333,151,152,151.334067545943,1,0.384900179459718,-2.33333333333336,0,0,0,-0.5,0,0.5,-0.333333333333333,0.333333333333333,0.577350269189626,0.666666666666667,0.333333333333333,0.333333333333333,0.533333333333333,-1.73205080756888,0.333333333333333,-1,0,0.577350269189626,1,-0.384900179459751,-2.33333333333333,0,0,0,-0.5,0,0.5,-0.333333333333333,0.333333333333333,0.577350269189626,0.666666666666667,0.333333333333333,0.333333333333333,0.533333333333333,-1.73205080756888,0.333333333333333,-1,0,0.577350269189626,1,-0.384900179459751,-2.33333333333333,0,0,0,-0.0384615384615385,0,0.0384615384615385,-0.0256410256410256,0.0019723865877712,0.0444115591684328,0.0512820512820513,0.0256410256410256,0.0256410256410256,0.041025641025641,-1.73205080756888,0.0256410256410256,-0.0769230769230769,0,0.0444115591684328,0.0769230769230769,-0.38490017945975,-2.33333333333333,0,0,0,-0.0384615384615385,0,0.0384615384615385,-0.0256410256410256,0.0019723865877712,0.0444115591684328,0.0512820512820513,0.0256410256410256,0.0256410256410256,0.041025641025641,-1.73205080756888,0.0256410256410256,-0.0769230769230769,0,0.0444115591684328,0.0769230769230769,-0.38490017945975,-2.33333333333333,0,0,0,-0.00295857988165681,0,0.00295857988165681,-0.0019723865877712,1.16709265548592e-05,0.00341627378218713,0.00394477317554241,0.0019723865877712,0.0019723865877712,0.00315581854043393,-1.73205080756888,0.0019723865877712,-0.00591715976331361,0,0.00341627378218713,0.00591715976331361,-0.384900179459751,-2.33333333333333,0,0,0,-0.00295857988165681,0,0.00295857988165681,-0.0019723865877712,1.16709265548592e-05,0.00341627378218713,0.00394477317554241,0.0019723865877712,0.0019723865877712,0.00315581854043393,-1.73205080756888,0.0019723865877712,-0.00591715976331361,0,0.00341627378218713,0.00591715976331361,-0.384900179459751,-2.33333333333333,623.046547217782,1.4142135623731,-0.785398163397448,0,0.00226983612811639,28,0
"19",20,4,19,0.049572654,0.040781442,0.046642248,0.040781442,0.049572654,0.008791212,0.0473748498,5.74273293858792e-05,0.00757808217069987,0.0117216132,0.00190476372,0.0065934078,0.00761904888,0.159960025260067,0.00338902137455281,0.040781442,0.059096463,0.0478572696367152,0.018315021,0.481380468421908,-1.62450886038961,0,0,0,-0.00011721624,0,0.00011721624,-2.42757445909092e-05,7.47036166018168e-08,0.000273319623521285,0.000401676199136364,2.42757445909092e-05,9.29404954090912e-05,0.000366164994154545,-11.2589594316146,0.000122232251555649,-0.0003815629375,0.000377400454545455,0.000245666857872397,0.000758963392045455,0.18047402545244,-1.48036165235008,0.049572654,0,0.049572654,0.049572654,0.049572654,0,0.049572654,0,0,0,0,0,0,0,0,0.049572654,0.049572654,0.049572654,0,0,0,0,0.040781442,0.040781442,0.040781442,0.040781442,0,0.040781442,0,0,0,0,0,0,0,0,0.040781442,0.040781442,0.040781442,0,0,0,0,0,0.046642248,0.043711845,0.0528693555,0.0091575105,0.048840051,8.7482752077717e-05,0.00935322148127141,0.010256412,0.0045421254,0.008058609,0.0093772908,0.191507201359626,0.00540008494000224,0.040781442,0.059096463,0.0494335151127358,0.018315021,0,0,632,153,461.01343,153,599.3715,446.3715,399.676986,54828.2779905985,234.154389219161,246.676986,172.0229,232.323014,246.676986,0.585859074755836,104.717026304798,153,632,451.225348944984,479,-0.144673664958768,-2.20676195099183,170,320,188.32886,170,320,150,233.050964,6367.06913104368,79.7939166293,86.949036,59.385192,66.125004,86.949036,0.342388271044869,35.6849243548131,166.92596,320,243.734296163187,153.07404,0.269837283009012,-2.24402532563229,0,0,-32.6285,-138.35807,0,138.35807,-95.8,17297.911901685,131.521526381368,212.21343,59.048814,95.8,119.082686,-1.37287605826063,58.8182146986543,-308.01343,0,151.710149697863,308.01343,-0.670182361615469,-1.51895585101618,0,0,0,0,21.4029,21.4029,30,3326.2057398078,57.6732671157773,101.67114,25.71942,30,46.79346,1.92244223719258,25.7922691510763,-3.07404,131.67114,59.6738183112681,134.74518,1.00103848009121,-1.01736112194996,0,0,-1.30514,-4.19266878787879,0,4.19266878787879,-2.38295104924242,8.01669632953546,2.83137710832299,4.03399540909091,1.66333640075757,2.38295104924242,2.71315992121212,-1.18818097804532,1.2662303368294,-6.41694645833333,0,3.47732839500585,6.41694645833333,-0.381153132448098,-1.9376273411244,0,0,0,0,0.648572727272727,0.648572727272727,0.653751975454545,1.45591824380238,1.20661437244978,2.08939677454545,0.52403743,0.653751975454545,1.03925021527273,1.84567606332789,0.539614351885191,-0.1229616,2.74314875,1.26179484879778,2.86611035,0.921487368138528,-1.13298324614198,0,0,-0.0522056000000001,-0.12705056932966,0,0.12705056932966,-0.0625885107756543,0.00428817821161474,0.0654841829117134,0.0710978737729568,0.0521473907756543,0.0625885107756543,0.0657892215977961,-1.0462652346281,0.0292854168883243,-0.133686384548611,0,0.0857196841478431,0.133686384548611,-0.0967053203459507,-2.20035202672498,0,0,0,0,0.0196537190082645,0.0196537190082645,0.0143768374599862,0.000660748286074574,0.0257050245297408,0.0427720948316804,0.0125568462776446,0.0143768374599862,0.0239906601343251,1.78794707815841,0.01149563644236,-0.00491846399999999,0.0571489322916667,0.027116269732589,0.0620673962916667,0.768574123634767,-1.36380018911773,1146.75787038216,501.937247073775,0.303479115987457,0,0.437701157356349,8,0
"20",20,4,20,0.061050065,0.031501833,0.046275949,0.038888891,0.053663007,0.014774116,0.046275949,0.000436549007162912,0.0208937552192733,0.014774116,0.014774116,0.014774116,0.014774116,0.451503549268613,0.014774116,0.031501833,0.061050065,0.0485771341212309,0.029548232,2.32161822792944e-16,-2.75,0,-0.000404770301369863,-0.000202385150684932,-0.000303577726027397,-0.000101192575342466,0.000202385150684932,-0.000202385150684932,8.19194984355249e-08,0.000286215824921553,0.000202385150684932,0.000202385150684932,0.000202385150684932,0.000202385150684932,-1.41421356237309,0.000202385150684932,-0.000404770301369863,0,0.000286215824921553,0.000404770301369863,0,-2.75,0.061050065,0,0.061050065,0.061050065,0.061050065,0,0.061050065,0,0,0,0,0,0,0,0,0.061050065,0.061050065,0.061050065,0,0,0,0,0.031501833,0.031501833,0.031501833,0.031501833,0,0.031501833,0,0,0,0,0,0,0,0,0.031501833,0.031501833,0.031501833,0,0,0,0,0,0,0,0,0,0,0,0,0,0,0,0,0,0,0,0,0,0,0,0,587,587,587,587,587,0,587,0,0,0,0,0,0,0,0,587,587,587,0,0,0,149,149,149,149,149,0,149,0,0,0,0,0,0,0,0,149,149,149,0,0,0,0,0,0,0,0,0,0,0,0,0,0,0,0,0,0,0,0,0,0,0,0,0,0,0,0,0,0,0,0,0,0,0,0,0,0,0,0,0,0,0,0,0,0,0,0,0,0,0,0,0,0,0,0,0,0,0,0,0,0,0,0,0,0,0,0,0,0,0,0,0,0,0,0,0,0,0,0,0,0,0,0,0,0,0,0,0,0,0,0,0,0,0,0,0,0,0,0,0,0,0,0,0,0,0,0,0,0,0,0,0,0,0,0,0,0,0,0,0,0,0,0,0,0,0,0,0,856.469497413656,0,0,0,0,73,0
"21",20,4,21,0.059340663,0.052991457,0.056043961,0.05323565775,0.05903541275,0.005799755,0.0562881605,1.12051804431691e-05,0.00334741399339387,0.0040293035,0.00231990050000001,0.003174603,0.0032967035,0.0594692376453459,0.00136657604027786,0.052991457,0.060317464,0.056371044542771,0.007326007,0.070467011014883,-2.16788764945602,0,0,0,-0.000213675208333334,2.44200250000002e-05,0.000238095233333334,-6.10600346132897e-05,5.33336909146982e-08,0.000230940881860917,0.00032052265961329,6.10600346132897e-05,0.000158730155555556,0.000312422553622005,-3.78219375936372,9.42812202179365e-05,-0.000373482588235294,0.000259462625,0.000219483644620485,0.000632945213235295,-0.101562204732196,-1.67012695488031,0.059340663,0,0.059340663,0.059340663,0.059340663,0,0.059340663,0,0,0,0,0,0,0,0,0.059340663,0.059340663,0.059340663,0,0,0,0,0.052991457,0.052991457,0.052991457,0.052991457,0,0.052991457,0,0,0,0,0,0,0,0,0.052991457,0.052991457,0.052991457,0,0,0,0,0,0.056043961,0.05372405925,0.0586691125,0.00494505325,0.05634921075,1.19416560681089e-05,0.0034556701330001,0.00396825325,0.00213675095,0.00286935225000001,0.00360195355,0.0613259722186987,0.00172783506650005,0.052991457,0.060317464,0.0564286256628584,0.007326007,0,0,606,139,394.27035,187.91615,529.1368375,341.2206875,371.127408333333,40926.5108822264,202.303017481763,234.872591666667,82.7486916666667,207.611875,232.127408333333,0.545103953357337,82.5898610426107,139,606,414.537065835379,467,-0.108750282503339,-2.0027233176574,192,340,219.24835,192.6772,315.946975,123.269775,248.421446666667,5508.05596456267,74.2162782990542,91.5785533333333,53.7126466666667,62.4054566666667,91.5785533333333,0.298751493862114,30.2986687401792,180.03198,340,257.494197606655,159.96802,0.359409104591494,-2.00564512985621,0,0,-76.06195,-114.4955375,-12.9440625,101.551475,-77.8333333333333,5779.65633666567,76.0240510408756,117.831266666667,26.0570833333333,59.60575,77.8333333333333,-0.976754403094762,31.036688871575,-195.6646,0,104.280429891387,195.6646,-0.287338460337408,-1.65377112755901,0,0,7.33841,0,40.47853,40.47853,24.6666666666667,1674.70042491723,40.9231038035634,71.5454333333333,24.4124333333333,24.6666666666667,36.6346866666667,1.65904474879311,16.70678716828,-11.96802,96.2121,44.7663727799725,108.18012,0.731003135769414,-1.27021400744971,0,0,-3.81433897058823,-7.06373979779412,-0.43146875,6.63227104779412,-4.324942041122,19.8533301716574,4.45570759494577,6.54531351443355,2.599067041122,3.725359375,4.324942041122,-1.03023521531166,1.81903500844346,-10.8702555555556,0,5.93713444927594,10.8702555555556,-0.255335865486763,-1.86575069606752,0,0,0.431671176470588,0,2.51641840073529,2.51641840073529,1.47949479493464,5.15011252099954,2.2693859347849,3.86562187173203,1.47949479493464,1.533721875,1.87842879493464,1.53389247637411,0.926472928278671,-0.398934,5.34511666666667,2.54571508272331,5.74405066666667,0.690609342407282,-1.41757876256585,0,0,-0.202376434544406,-0.436058367011786,-0.0143822916666667,0.42167607534512,-0.245720979563928,0.0686297039360679,0.261972716014603,0.358182106855826,0.188191812897261,0.2328349609375,0.245720979563928,-1.06613898609519,0.106949913461137,-0.603903086419753,0,0.342885140746255,0.603903086419753,-0.197464448782631,-2.02861697291655,0,0,0.0253924221453287,0,0.156482636853914,0.156482636853914,0.0876922007652639,0.016310196588772,0.127711380028453,0.209258725160662,0.0876922007652639,0.0943411007652639,0.104023033609736,1.45635961823234,0.0521379525693968,-0.0132978,0.296950925925926,0.145882667118814,0.310248725925926,0.628895377036855,-1.58487587179914,1195.35159870015,489.890804159458,0.306903356242618,0,0.409829881594817,9,0
"22",20,4,22,0.062515266,0.048107453,0.0553113595,0.05170940625,0.05891331275,0.00720390649999999,0.0553113595,0.000103792537721484,0.0101878622743677,0.0072039065,0.0072039065,0.0072039065,0.0072039065,0.184191138429127,0.0072039065,0.048107453,0.062515266,0.0557785152061166,0.014407813,-5.25678753167692e-16,-2.75,0,-0.000252768649122807,-0.000126384324561403,-0.000189576486842105,-6.31921622807017e-05,0.000126384324561403,-0.000126384324561403,3.19459949896843e-08,0.0001787344258661,0.000126384324561403,0.000126384324561403,0.000126384324561403,0.000126384324561403,-1.41421356237309,0.000126384324561403,-0.000252768649122807,0,0.0001787344258661,0.000252768649122807,0,-2.75,0.062515266,0,0.062515266,0.062515266,0.062515266,0,0.062515266,0,0,0,0,0,0,0,0,0.062515266,0.062515266,0.062515266,0,0,0,0,0.048107453,0.048107453,0.048107453,0.048107453,0,0.048107453,0,0,0,0,0,0,0,0,0.048107453,0.048107453,0.048107453,0,0,0,0,0,0,0,0,0,0,0,0,0,0,0,0,0,0,0,0,0,0,0,0,300,300,300,300,300,0,300,0,0,0,0,0,0,0,0,300,300,300,0,0,0,167,167,167,167,167,0,167,0,0,0,0,0,0,0,0,167,167,167,0,0,0,0,0,0,0,0,0,0,0,0,0,0,0,0,0,0,0,0,0,0,0,0,0,0,0,0,0,0,0,0,0,0,0,0,0,0,0,0,0,0,0,0,0,0,0,0,0,0,0,0,0,0,0,0,0,0,0,0,0,0,0,0,0,0,0,0,0,0,0,0,0,0,0,0,0,0,0,0,0,0,0,0,0,0,0,0,0,0,0,0,0,0,0,0,0,0,0,0,0,0,0,0,0,0,0,0,0,0,0,0,0,0,0,0,0,0,0,0,0,0,0,0,0,0,0,0,0,485.569768416445,0,0,0,0,57,0
"23",20,5,23,0.059096463,0.024908427,0.05567766,0.024908427,0.058608063,0.033699636,0.0466965167777778,0.000269541310929486,0.0164177133282771,0.0217880897777778,0.00927418322222222,0.0123999462222222,0.0217880897777778,0.351583254194454,0.00547257110942568,0.024908427,0.060317464,0.0491950907668544,0.035409037,-0.567651458449922,-1.81425280724703,0,0,0,-8.61883235294119e-05,3.0525e-05,0.000116713323529412,-9.44921773123391e-05,1.51026161305098e-07,0.000388620845175729,0.000978508943899782,8.10584900079224e-05,9.44921773123391e-05,0.00029667561848881,-4.11273034688536,0.000129540281725243,-0.00107300112121212,0.00028998775,0.000378383731533042,0.00136298887121212,-1.63244557962882,1.59047357295163,0.059096463,0,0.059096463,0.059096463,0.059096463,0,0.059096463,0,0,0,0,0,0,0,0,0.059096463,0.059096463,0.059096463,0,0,0,0,0.024908427,0.024908427,0.024908427,0.024908427,0,0.024908427,0,0,0,0,0,0,0,0,0.024908427,0.024908427,0.024908427,0,0,0,0,0,0.05567766,0.0402930435,0.0573870615,0.017094018,0.0480376801428571,0.000252543321792427,0.015891611680142,0.0231292531428571,0.00773765985714285,0.0105703828571429,0.0209593592857143,0.33081555214329,0.00600646463395217,0.024908427,0.060317464,0.0502402668971907,0.035409037,0,0,608,0,333.69647,1.968193,555.4772,553.509007,313.805060333333,69781.4039078207,264.161700304606,313.805060333333,137.047535933333,285.509539666667,312.624144533333,0.841801913659409,88.0539001015355,0,608,400.626422587847,608,-0.146250472986267,-1.91840028946341,147,354,214.41028,153.453,353.1015,199.6485,237.734638888889,8656.88810945321,93.0423995254487,116.265361111111,50.4736268888889,90.7346388888889,115.726261111111,0.391370815630003,31.0141331751496,147,354,253.402387874459,207,0.31063758904687,-1.88650088570583,0,0,-43.8374,-98.03157,-1.968193,96.063377,-67.5555555555556,6736.52938451259,82.0763631291774,166.141151444444,27.7728708888889,65.5873625555556,76.0821951111111,-1.21494616474111,27.3587877097258,-233.696707,0,102.72185359497,233.696707,-0.844036622014426,-0.802174880261868,0,0,6.453,0,33.07519,33.07519,23,1228.04644518567,35.043493621294,82.61603,13.958276,22.24878,23,1.52363015744757,11.6811645404313,0,105.61603,40.2566372187872,105.61603,1.3521510967439,0.536276373830537,0,0,-2.7398375,-4.600815,-0.394790909090907,4.20602409090909,-2.97295813579422,6.95333405462785,2.63691752897732,4.10876025814518,0.951393944805902,2.57816722670331,3.04538087715884,-0.886967595415828,0.878972509659106,-7.08171839393939,0,3.87546403145177,7.08171839393939,-0.212083517997401,-1.63722418211275,0,0,0.898500000000013,0,1.33084647058824,1.33084647058824,0.98048594610319,1.18239925382906,1.08738183442113,2.21999981147257,0.243010693132298,0.98048594610319,1.02297693922064,1.10902337636025,0.36246061147371,0,3.20048575757576,1.41858177397887,3.20048575757576,0.799087399176868,-0.728416993584143,0,0,-0.17123984375,-0.226135017301038,-0.017945041322314,0.208189975978724,-0.346262704223358,0.38581100287306,0.621136863237934,1.62193029577664,0.127050181049499,0.210944615988063,0.346262704223358,-1.79383126066407,0.207045621079311,-1.968193,0,0.680324168320525,1.968193,-1.91471548003836,2.19848769406022,0,0,0.0391425432525952,0,0.0969844168962351,0.0969844168962351,0.138154291512958,0.0833429182578323,0.288691735693685,0.760345708487055,0.0667477219862977,0.112947260262958,0.138154291512958,2.0896327760228,0.0962305785645615,0,0.898500000000013,0.305236305623052,0.898500000000013,1.97925001225063,2.36889515879961,1422.12119944262,642.271749339795,0.328151254774452,0,0.451629403732623,8,0
"24",20,5,24,0.060073264,0.051037855,0.0555555595,0.05329670725,0.05781441175,0.00451770449999999,0.0555555595,4.08193078986405e-05,0.00638899897469396,0.0045177045,0.0045177045,0.0045177045,0.0045177045,0.115001973379351,0.0045177045,0.051037855,0.060073264,0.0557389437046251,0.009035409,-8.11973502388113e-16,-2.75,0,-0.000139006292307692,-6.95031461538462e-05,-0.000104254719230769,-3.47515730769231e-05,6.95031461538462e-05,-6.95031461538462e-05,9.66137465056581e-09,9.82922919183687e-05,6.95031461538462e-05,6.95031461538462e-05,6.95031461538462e-05,6.95031461538462e-05,-1.41421356237309,6.95031461538462e-05,-0.000139006292307692,0,9.82922919183687e-05,0.000139006292307692,0,-2.75,0.060073264,0,0.060073264,0.060073264,0.060073264,0,0.060073264,0,0,0,0,0,0,0,0,0.060073264,0.060073264,0.060073264,0,0,0,0,0.051037855,0.051037855,0.051037855,0.051037855,0,0.051037855,0,0,0,0,0,0,0,0,0.051037855,0.051037855,0.051037855,0,0,0,0,0,0,0,0,0,0,0,0,0,0,0,0,0,0,0,0,0,0,0,0,586,586,586,586,586,0,586,0,0,0,0,0,0,0,0,586,586,586,0,0,0,176,176,176,176,176,0,176,0,0,0,0,0,0,0,0,176,176,176,0,0,0,0,0,0,0,0,0,0,0,0,0,0,0,0,0,0,0,0,0,0,0,0,0,0,0,0,0,0,0,0,0,0,0,0,0,0,0,0,0,0,0,0,0,0,0,0,0,0,0,0,0,0,0,0,0,0,0,0,0,0,0,0,0,0,0,0,0,0,0,0,0,0,0,0,0,0,0,0,0,0,0,0,0,0,0,0,0,0,0,0,0,0,0,0,0,0,0,0,0,0,0,0,0,0,0,0,0,0,0,0,0,0,0,0,0,0,0,0,0,0,0,0,0,0,0,0,0,865.299947994914,0,0,0,0,65,0
"25",20,5,25,0.052258857,0.041514043,0.0540903585,0.0442002465,0.05793651225,0.01373626575,0.0518518551666667,7.30553516740162e-05,0.00854724234323657,0.0103378121666667,0.00407000483333333,0.00809930883333333,0.0103378121666667,0.164839663224455,0.00348939707480667,0.041514043,0.061294265,0.0524356209456255,0.019780222,-0.264738686816537,-1.96479349466591,0,0,-3.95029852941176e-05,-0.000145667211397059,0,0.000145667211397059,-9.55698435828877e-05,8.29968313678952e-08,0.000288091706523973,0.000504755864750446,7.23177814171122e-05,9.55698435828877e-05,0.00036937008600713,-3.01446246769371,0.000117612946685229,-0.000600325708333333,0.000273800242424242,0.000279817120888573,0.000874125950757576,-0.535562725012714,-0.974378300768272,0.052258857,0,0.052258857,0.052258857,0.052258857,0,0.052258857,0,0,0,0,0,0,0,0,0.052258857,0.052258857,0.052258857,0,0,0,0,0.041514043,0.041514043,0.041514043,0.041514043,0,0.041514043,0,0,0,0,0,0,0,0,0.041514043,0.041514043,0.041514043,0,0,0,0,0,0.0572649615,0.05231990575,0.0592796135,0.00695970775000001,0.05433455775,7.78618330051009e-05,0.00882393523350557,0.01282051475,0.00319902405,0.00561660625,0.00930403025,0.162400056223989,0.00441196761675278,0.041514043,0.061294265,0.0548693041749384,0.019780222,0,0,609,100,380.7507,148.466475,520.9152,372.448725,351.529416666667,48930.8813422057,221.203257982801,257.470583333333,116.106083333333,219.33755,251.529416666667,0.629259593920569,90.3058519165154,100,609,405.399389779813,509,-0.105187578094686,-2.03800864012662,213,326,224.826815,195.862515,303.6634075,107.8008925,246.631155,4091.82491158631,63.9673738056074,79.368845,33.631155,57.564505,79.368845,0.259364530833939,26.1145710016021,187.98328,326,253.44975973479,138.01672,0.368692814746196,-1.97806299849235,0,0,-70.68225,-148.0871,-17.581225,130.505875,-84.8333333333333,6918.38214569467,83.1768125482978,109.032566666667,14.5084333333334,84.8333333333333,88.9362666666666,-0.980473232396437,33.9567915290758,-193.8659,0,113.850836181339,193.8659,-0.22386233625075,-1.9290667063154,0,0,0,-1.625055,36.5027625,38.1278175,18.8333333333333,1750.04529657215,41.8335427207898,70.5130366666667,18.8333333333333,25.418545,41.6833133333333,2.22125005597114,17.0784722998094,-22.84998,89.34637,42.580107150185,112.19635,0.642241801742054,-1.42298206816814,0,0,-3.28551628787879,-4.94314669117647,-0.532764393939394,4.41038229723708,-3.2932748328877,10.1103611119705,3.17967940396048,4.78447100044563,1.16221725713013,2.55543529411765,3.2932748328877,-0.965506848140088,1.29809868089002,-8.07774583333333,0,4.38987016340729,8.07774583333333,-0.228265615101411,-1.73844946127524,0,0,0,-0.1015659375,1.07361066176471,1.17517659926471,0.721066902109329,2.65725688146253,1.63010946916535,3.00169851455734,0.721066902109329,0.788777527109329,1.41349053847296,2.26069101826308,0.665489404055708,-0.692423636363636,3.72276541666667,1.65357739820961,4.4151890530303,0.892746020720784,-0.958061742517149,0,0,-0.107448612739538,-0.245703758920848,-0.016144375573921,0.229559383346927,-0.138161401005772,0.0205042861592594,0.143193177767865,0.198411342049784,0.0735838987100877,0.138161401005772,0.139337036494228,-1.03641955513959,0.0584583700298189,-0.336572743055556,0,0.190198522235568,0.336572743055556,-0.275017836314882,-1.93568715672307,0,0,0,-0.00634787109375001,0.0315767841695502,0.0379246552633002,0.0279618736711527,0.00433080968266264,0.0658088875659104,0.127153352023292,0.0279618736711527,0.0321937877336527,0.0489444081064144,2.35352209726214,0.0268663658461115,-0.0209825344352617,0.155115225694444,0.0662636736688137,0.176097760129706,1.08146054492177,-0.599288655042603,1171.11599581801,521.392366649148,0.218460915920629,0,0.445209841306081,8,0
"26",20,5,26,0.06813187,0.035653237,0.0518925535,0.04377289525,0.06001221175,0.0162393165,0.0518925535,0.000527430800774344,0.0229658616379692,0.0162393165,0.0162393165,0.0162393165,0.0162393165,0.44256564938492,0.0162393165,0.035653237,0.06813187,0.0543741897331586,0.032478633,2.44748543413789e-16,-2.75,0,-0.000499671276923077,-0.000249835638461538,-0.000374753457692308,-0.000124917819230769,0.000249835638461538,-0.000249835638461538,1.24835692490969e-07,0.000353320948276449,0.000249835638461538,0.000249835638461538,0.000249835638461538,0.000249835638461538,-1.4142135623731,0.000249835638461538,-0.000499671276923077,0,0.000353320948276449,0.000499671276923077,0,-2.75,0.06813187,0,0.06813187,0.06813187,0.06813187,0,0.06813187,0,0,0,0,0,0,0,0,0.06813187,0.06813187,0.06813187,0,0,0,0,0.035653237,0.035653237,0.035653237,0.035653237,0,0.035653237,0,0,0,0,0,0,0,0,0.035653237,0.035653237,0.035653237,0,0,0,0,0,0,0,0,0,0,0,0,0,0,0,0,0,0,0,0,0,0,0,0,304,304,304,304,304,0,304,0,0,0,0,0,0,0,0,304,304,304,0,0,0,130,130,130,130,130,0,130,0,0,0,0,0,0,0,0,130,130,130,0,0,0,0,0,0,0,0,0,0,0,0,0,0,0,0,0,0,0,0,0,0,0,0,0,0,0,0,0,0,0,0,0,0,0,0,0,0,0,0,0,0,0,0,0,0,0,0,0,0,0,0,0,0,0,0,0,0,0,0,0,0,0,0,0,0,0,0,0,0,0,0,0,0,0,0,0,0,0,0,0,0,0,0,0,0,0,0,0,0,0,0,0,0,0,0,0,0,0,0,0,0,0,0,0,0,0,0,0,0,0,0,0,0,0,0,0,0,0,0,0,0,0,0,0,0,0,0,0,467.581009024105,0,0,0,0,65,0
"27",20,6,27,0.052991457,0.042002443,0.053235658,0.04749695,0.054700859,0.007203909,0.0507936541428571,3.73506303742591e-05,0.00611151620911367,0.00879121114285714,0.00253968385714286,0.00488400585714285,0.00805861008571429,0.120320467433295,0.002309936003265,0.042002443,0.05592186,0.0511078284338052,0.013919417,-0.661598385279803,-1.63403636963662,0,0,0,-7.90059411764706e-05,2.19959558823528e-05,0.000101001897058823,-4.01577739938081e-05,2.16458941655762e-08,0.000147125436840732,0.000268305778637771,4.32102739938081e-05,6.88871857585137e-05,0.000168800325077399,-3.66368506539772,5.56081882017596e-05,-0.000308463552631579,0.000141379105263158,0.000142007994080022,0.000449842657894737,-0.643371170526248,-1.0186616016095,0.052991457,0,0.052991457,0.052991457,0.052991457,0,0.052991457,0,0,0,0,0,0,0,0,0.052991457,0.052991457,0.052991457,0,0,0,0,0.042002443,0.042002443,0.042002443,0.042002443,0,0.042002443,0,0,0,0,0,0,0,0,0.042002443,0.042002443,0.042002443,0,0,0,0,0,0.053724058,0.053235658,0.05567766,0.002442002,0.0521123358,3.33233612309922e-05,0.00577263901790093,0.0101098928,0.0015140422,0.0035653242,0.00506959792,0.110772985499163,0.00258160265071882,0.042002443,0.05592186,0.0523674921255234,0.013919417,0,0,651,71,475.32043,223.85292,602.33962,378.4867,407.100787142857,61700.4412017065,248.395735071491,336.100787142857,85.9109368571429,233.801552857143,317.660472285714,0.610157835396977,93.8847631040358,71,651,467.565122042844,580,-0.41488332346521,-1.77391567207277,216,399,216,214.16028,323.325805,109.165525,270.033952857143,7967.11397652936,89.2586913220744,128.966047142857,54.0499808571429,57.6332528571429,117.126528285714,0.330546179018071,33.7366142270411,200.2655,399,282.395627679819,198.7345,0.689343281491494,-1.63761605218865,0,0,-77.12544,-93.53553,-5.04883000000001,88.4867,-82.8571428571429,11499.7664052268,107.236963800859,222.848697142857,7.73685171428569,72.7594828571428,82.8571428571429,-1.29423921828623,40.5317625101014,-305.70584,0,129.314534200532,305.70584,-1.10607080361237,-0.203642130332751,0,0,0,-1.79965,23.693055,25.492705,26.1428571428571,3255.72888050856,57.0589947379776,125.205532857143,13.6193691428571,26.1428571428571,36.5708771428571,2.18258449817401,21.566272876576,-12.1352,151.34839,58.9412736061366,163.48359,1.41778996191751,0.364317395391926,0,0,-4.82034,-5.50209,-0.265727894736843,5.23636210526316,-3.48583804511278,10.6509053446537,3.26357248190594,4.55905248120301,1.83699101371075,2.9543822556391,3.48583804511278,-0.936237553113387,1.23351445325099,-8.04489052631579,0,4.6130699447364,8.04489052631579,-0.0168878474947871,-1.93703714024959,0,0,0,-0.0947184210526316,1.39370911764706,1.48842753869969,0.831769108801415,2.66056974480702,1.63112530015539,3.15108325961964,0.831769108801415,1.02120595090668,1.4791361711632,1.96103135220525,0.616507414485251,-0.75845,3.98285236842105,1.72404414185021,4.74130236842105,0.861138273732973,-0.816811901926321,0,0,-0.211707645429363,-0.303674500432526,-0.0139856786703601,0.289688821762166,-0.169750708378919,0.0241298655800438,0.155337907736791,0.171476246638382,0.132481841794091,0.141779351038199,0.169750708378919,-0.915094312243128,0.0587122104360922,-0.341226955017301,0,0.222481560855943,0.341226955017301,0.103216351633367,-2.12236519152669,0,0,0,-0.00498518005540166,0.0794896200361357,0.0844748000915373,0.0302005996954346,0.00365621073541796,0.0604666084332333,0.0795978432111398,0.0302005996954346,0.040170959806238,0.0770052407036874,2.00216581932225,0.0228542297911223,-0.047403125,0.109798442906574,0.0636079487016869,0.157201567906574,0.223684543053526,-1.80311515317768,1445.18200832467,608.185004747733,0.305631305805025,0,0.420836269234193,8,0
"28",20,6,28,0.061538465,0.032478634,0.060317464,0.046398049,0.0609279645,0.0145299155,0.0514448543333333,0.00027016084615991,0.0164365703892239,0.0189662203333333,0.00936101006666667,0.0100936106666667,0.0154171764666667,0.319498822617404,0.00948965833877262,0.032478634,0.061538465,0.0531665333471269,0.029059831,-0.382512035679685,-2.33333333333333,0,-0.000898026774193548,-4.69615769230769e-05,-0.000472494175558313,-2.34807884615384e-05,0.000449013387096774,-0.000314996117038875,2.55494907813433e-07,0.000505465041138785,0.000583030657154673,0.000286819170885029,0.000314996117038875,0.000475816841108354,-1.60467070480238,0.000291830377567423,-0.000898026774193548,0,0.000519184449200722,0.000898026774193548,-0.381165848009214,-2.33333333333333,0.061538465,0,0.061538465,0.061538465,0.061538465,0,0.061538465,0,0,0,0,0,0,0,0,0.061538465,0.061538465,0.061538465,0,0,0,0,0.032478634,0.032478634,0.032478634,0.032478634,0,0.032478634,0,0,0,0,0,0,0,0,0.032478634,0.032478634,0.032478634,0,0,0,0,0,0.060317464,0.060317464,0.060317464,0,0.060317464,0,0,0,0,0,0,0,0,0.060317464,0.060317464,0.060317464,0,0,0,590,588.8315,588.8315,588.8315,589.41575,0.584249999999997,589.221,0.455130749999996,0.674633789548075,0.778999999999996,0.389499999999998,0.389499999999998,0.623199999999997,0.0011449588347124,0.389499999999998,588.8315,590,589.221257475916,1.16849999999999,0.384900179459751,-2.33333333333333,145,143.83148,143.83148,143.83148,144.41574,0.58426,144.220986666667,0.455146330133334,0.674645336553462,0.779013333333324,0.389506666666676,0.389506666666676,0.623210666666665,0.00467785827948014,0.389506666666667,143.83148,145,144.222038627921,1.16852,0.384900179459722,-2.33333333333335,0,0,0,-0.584249999999997,0,0.584249999999997,-0.389499999999998,0.455130749999996,0.674633789548075,0.778999999999996,0.389499999999998,0.389499999999998,0.623199999999997,-1.73205080756888,0.389499999999998,-1.16849999999999,0,0.674633789548075,1.16849999999999,-0.384900179459751,-2.33333333333333,0,0,0,-0.58426,0,0.58426,-0.389506666666667,0.455146330133334,0.674645336553462,0.779013333333334,0.389506666666667,0.389506666666667,0.623210666666667,-1.73205080756888,0.389506666666667,-1.16852,0,0.674645336553462,1.16852,-0.384900179459751,-2.33333333333333,0,0,0,-0.0224711538461537,0,0.0224711538461537,-0.0149807692307692,0.00067327034023668,0.0259474534441567,0.0299615384615383,0.0149807692307692,0.0149807692307692,0.0239692307692307,-1.73205080756888,0.0149807692307692,-0.0449423076923075,0,0.0259474534441567,0.0449423076923075,-0.384900179459751,-2.33333333333333,0,0,0,-0.0224715384615385,0,0.0224715384615385,-0.0149810256410257,0.000673293387771204,0.0259478975597485,0.0299620512820513,0.0149810256410257,0.0149810256410257,0.023969641025641,-1.73205080756888,0.0149810256410257,-0.044943076923077,0,0.0259478975597485,0.044943076923077,-0.384900179459751,-2.33333333333333,0,0,0,-0.00086427514792899,0,0.00086427514792899,-0.00057618343195266,9.95962041770237e-07,0.000997978978621412,0.00115236686390532,0.00057618343195266,0.00057618343195266,0.000921893491124256,-1.73205080756888,0.00057618343195266,-0.00172855029585798,0,0.000997978978621412,0.00172855029585798,-0.384900179459751,-2.33333333333333,0,0,0,-0.000864289940828403,0,0.000864289940828403,-0.000576193293885602,9.95996135756219e-07,0.000997996059990328,0.0011523865877712,0.000576193293885602,0.000576193293885602,0.000921909270216963,-1.73205080756888,0.000576193293885602,-0.00172857988165681,0,0.000997996059990328,0.00172857988165681,-0.384900179459751,-2.33333333333333,1050.68789850387,1.6525226898291,-0.785406721304529,0,0.00157280072625012,31,0
"29",20,6,29,0.058119662,0.047374852,0.0506715555,0.04804640275,0.054945059,0.00689865625,0.0517297561666667,2.0285413577017e-05,0.00450393312306221,0.00638990583333333,0.00166870116666667,0.00435490416666667,0.00443630383333333,0.087066583274646,0.00183872299785372,0.047374852,0.058119662,0.0518928914628677,0.01074481,0.325248016367981,-1.87336572561701,0,0,-7.59588975044565e-05,-0.000116323017263427,-9.25000757575755e-06,0.00010707300968767,-9.2667263788783e-05,1.18460097378584e-08,0.000108839375861213,0.000194627089152393,2.4124170993826e-05,7.41672486372679e-05,9.2667263788783e-05,-1.17451807047299,4.4433489130494e-05,-0.000287294352941176,0,0.000135863521813799,0.000287294352941176,-0.728225354557975,-1.10855051224053,0.058119662,0,0.058119662,0.058119662,0.058119662,0,0.058119662,0,0,0,0,0,0,0,0,0.058119662,0.058119662,0.058119662,0,0,0,0,0.047374852,0.047374852,0.047374852,0.047374852,0,0.047374852,0,0,0,0,0,0,0,0,0.047374852,0.047374852,0.047374852,0,0,0,0,0,0.0506715555,0.04938950425,0.052503057,0.00311355275,0.05122100575,1.35318910265109e-05,0.00367857187322892,0.00494505425,0.00072039055,0.00250305225,0.00428571395,0.0718176423786625,0.00183928593661446,0.047374852,0.05616606,0.0513199800108244,0.00879120799999999,0,0,607,6,396.16025,75.14647,569.72718,494.58071,333.507533333333,77723.3470903004,278.789072759856,327.507533333333,176.227086666667,264.854816666667,327.507533333333,0.835930361072872,113.815162354217,6,607,419.519642804325,601,-0.21259935610386,-2.06511346649577,151,371,188.7587,150.43981,334.87935,184.43954,236.240906666667,11783.6836934231,108.552677044019,134.759093333333,85.2409066666667,87.2768866666667,134.759093333333,0.459499917163736,44.3164448284967,147.67496,371,256.182556771289,223.32504,0.383546541946612,-2.00547108866672,0,0,-48.63269,-190.359075,-4.318825,186.04025,-100.166666666667,14918.5962641583,122.141705670743,176.419213333333,82.8913666666667,100.166666666667,126.982073333333,-1.21938474879277,49.864142534421,-276.58588,0,149.885038161173,276.58588,-0.452805464391019,-1.8936558792254,0,0,1.28906000000001,0,57.84277,57.84277,36.6666666666667,3728.50082697835,61.0614512354427,107.815933333333,36.6666666666667,38.13216,39.9917066666667,1.66531230642116,24.928233080112,-3.32504,144.4826,66.7197756810258,147.80764,0.814934568862379,-1.26034007985067,0,0,-2.86074647058824,-6.33879606951872,-0.254048529411765,6.08474754010695,-4.10504352269498,22.8111895252844,4.77610610490223,7.92042952078328,2.77825162882017,3.59694646387145,4.10504352269498,-1.16347270826661,1.94983715240036,-12.0254730434783,0,5.98838099386,12.0254730434783,-0.536510548895515,-1.50929562797079,0,0,0.0758270588235298,0,1.77119352941176,1.77119352941176,1.42482595055413,6.53661066597332,2.55667961738919,4.85702622335891,1.27317183290708,1.42482595055413,1.62041653878943,1.7943803005517,1.04376008306294,-0.195590588235294,6.28185217391304,2.73446604373692,6.47744276214834,1.02892951436753,-0.757470667228306,0,0,-0.13418041306427,-0.259732888193034,-0.0149440311418685,0.244788857051166,-0.177998293988306,0.0413914926148055,0.203448992661073,0.344848360075966,0.0987839897487182,0.148110231704569,0.177998293988306,-1.14298282361313,0.0830577034504783,-0.522846654064272,0,0.257247552320883,0.522846654064272,-0.575354666352756,-1.40059135896033,0,0,0.00446041522491352,0,0.0547538439760931,0.0547538439760931,0.0567618374071759,0.0120763306621336,0.109892359434738,0.216362170154261,0.0478410069573489,0.0567618374071759,0.0682671661268991,1.93602540817054,0.0448633678742721,-0.0115053287197232,0.273124007561437,0.115262808706668,0.28462933628116,1.17266002085973,-0.44102784339316,1204.0587188984,640.000781249523,0.350906896744915,0,0.531536187732658,8,0
"30",20,6,30,0.06788767,0.060317464,0.064102567,0.0622100155,0.0659951185,0.00378510299999998,0.064102567,2.8654009441218e-05,0.00535294399757909,0.003785103,0.003785103,0.003785103,0.003785103,0.083505922587766,0.003785103,0.060317464,0.06788767,0.0642142203932283,0.007570206,0,-2.75,0,-0.00013518225,-6.75911249999999e-05,-0.0001013866875,-3.37955625e-05,6.75911249999999e-05,-6.75911249999999e-05,9.13712035753123e-09,9.55882856710551e-05,6.75911249999999e-05,6.75911249999999e-05,6.75911249999999e-05,6.75911249999999e-05,-1.4142135623731,6.75911249999999e-05,-0.00013518225,0,9.55882856710551e-05,0.00013518225,0,-2.75,0.06788767,0,0.06788767,0.06788767,0.06788767,0,0.06788767,0,0,0,0,0,0,0,0,0.06788767,0.06788767,0.06788767,0,0,0,0,0.060317464,0.060317464,0.060317464,0.060317464,0,0.060317464,0,0,0,0,0,0,0,0,0.060317464,0.060317464,0.060317464,0,0,0,0,0,0,0,0,0,0,0,0,0,0,0,0,0,0,0,0,0,0,0,0,320,320,320,320,320,0,320,0,0,0,0,0,0,0,0,320,320,320,0,0,0,136,136,136,136,136,0,136,0,0,0,0,0,0,0,0,136,136,136,0,0,0,0,0,0,0,0,0,0,0,0,0,0,0,0,0,0,0,0,0,0,0,0,0,0,0,0,0,0,0,0,0,0,0,0,0,0,0,0,0,0,0,0,0,0,0,0,0,0,0,0,0,0,0,0,0,0,0,0,0,0,0,0,0,0,0,0,0,0,0,0,0,0,0,0,0,0,0,0,0,0,0,0,0,0,0,0,0,0,0,0,0,0,0,0,0,0,0,0,0,0,0,0,0,0,0,0,0,0,0,0,0,0,0,0,0,0,0,0,0,0,0,0,0,0,0,0,0,491.723499540138,0,0,0,0,56,0
"31",20,7,31,0.033211235,0.025641028,0.0294261315,0.02753357975,0.03131868325,0.0037851035,0.0294261315,2.86540170114245e-05,0.00535294470468587,0.0037851035,0.0037851035,0.0037851035,0.0037851035,0.181911261583463,0.0037851035,0.025641028,0.033211235,0.0296685729950229,0.007570207,-4.74574880935098e-16,-2.75,0,-0.000135182267857143,-6.75911339285714e-05,-0.000101386700892857,-3.37955669642857e-05,6.75911339285714e-05,-6.75911339285714e-05,9.13712277150015e-09,9.55882982979619e-05,6.75911339285714e-05,6.75911339285714e-05,6.75911339285714e-05,6.75911339285714e-05,-1.4142135623731,6.75911339285714e-05,-0.000135182267857143,0,9.55882982979619e-05,0.000135182267857143,0,-2.75,0.033211235,0,0.033211235,0.033211235,0.033211235,0,0.033211235,0,0,0,0,0,0,0,0,0.033211235,0.033211235,0.033211235,0,0,0,0,0.025641028,0.025641028,0.025641028,0.025641028,0,0.025641028,0,0,0,0,0,0,0,0,0.025641028,0.025641028,0.025641028,0,0,0,0,0,0,0,0,0,0,0,0,0,0,0,0,0,0,0,0,0,0,0,0,637,637,637,637,637,0,637,0,0,0,0,0,0,0,0,637,637,637,0,0,0,171,171,171,171,171,0,171,0,0,0,0,0,0,0,0,171,171,171,0,0,0,0,0,0,0,0,0,0,0,0,0,0,0,0,0,0,0,0,0,0,0,0,0,0,0,0,0,0,0,0,0,0,0,0,0,0,0,0,0,0,0,0,0,0,0,0,0,0,0,0,0,0,0,0,0,0,0,0,0,0,0,0,0,0,0,0,0,0,0,0,0,0,0,0,0,0,0,0,0,0,0,0,0,0,0,0,0,0,0,0,0,0,0,0,0,0,0,0,0,0,0,0,0,0,0,0,0,0,0,0,0,0,0,0,0,0,0,0,0,0,0,0,0,0,0,0,0,932.748626372615,0,0,0,0,56,0
"32",20,7,32,0.04029304,0.051526256,0.05421246,0.051648356,0.0617826675,0.0101343115,0.05621046,6.86959272991982e-05,0.00828830062794528,0.01591742,0.003219003,0.004684204,0.01118881,0.147451215093157,0.0024990166665965,0.04029304,0.06910867,0.0567632509323671,0.02881563,-0.0707163548475893,-0.8558633269888,0,0,0,-0.000189788475044563,0.000215246448529412,0.000405034923573975,7.95952168119307e-06,1.07224955556895e-07,0.000327452218738697,0.000494805772436454,6.38641253776303e-05,0.000215159824711496,0.000449845664538336,41.1396855055258,9.87305587568765e-05,-0.000441886142857143,0.000502765294117647,0.000312314883266622,0.00094465143697479,0.241286764889076,-1.38863476538679,0.04029304,0,0.04029304,0.04029304,0.04029304,0,0.04029304,0,0,0,0,0,0,0,0,0.04029304,0.04029304,0.04029304,0,0,0,0,0.051526256,0.051526256,0.051526256,0.051526256,0,0.051526256,0,0,0,0,0,0,0,0,0.051526256,0.051526256,0.051526256,0,0,0,0,0,0.05592186,0.052991457,0.06275947,0.009768013,0.0584995293333333,4.55618375883377e-05,0.00674995093229112,0.0106091406666667,0.00358703213333333,0.00550807233333334,0.00774386026666667,0.115384704957702,0.00224998364409704,0.051526256,0.06910867,0.0588446628285961,0.017582414,0,0,617,67,421.569,204.460195,594.4674,390.007205,377.969053636364,48232.3040154524,219.618542057478,310.969053636364,100.316546363636,205.250646363636,239.030946363636,0.581049003733435,66.2174819099585,67,617,432.097390193143,550,-0.200881318243432,-1.75242891838933,182,321,209.23853,181.53,260.713075,79.183075,230.046465454545,2969.76574556511,54.4955571176688,90.9535345454545,20.8079354545455,48.0464654545455,50.0464654545455,0.236889347593287,16.4310287000627,180,321,235.841394393673,141,0.601597920567189,-1.3077419723166,0,0,-56.7166,-82.024975,-5.64245,76.382525,-50,2251.22910204762,47.447119006823,78.6192,9.11584999999999,49,54.9341,-0.948942380136459,14.3058446480884,-128.6192,0,67.4282723414473,128.6192,-0.339023510987266,-1.56434895191241,0,0,10.49567,0,19.221375,19.221375,12.6363636363636,249.086231131145,15.7824659394895,37.2706163636363,5.04649636363637,12.6363636363636,13.6363636363636,1.2489721247078,4.75859252616823,-1,49.90698,19.6499291156852,50.90698,1.01915440151164,0.081174257222834,0,0,-3.17982121212121,-3.57456115808823,-0.166873529411765,3.40768762867647,-2.21515862248825,3.63653510668582,1.90697013785896,2.93181471084508,1.12111196574704,1.68239289266326,2.21515862248825,-0.860872949909515,0.574973130335498,-5.14697333333333,0,2.8658103092951,5.14697333333333,0.0326590085007568,-1.78805636993685,0,0,0.535844242424243,0,0.84067825311943,0.84067825311943,0.591845478201611,0.557266228634741,0.746502664854413,1.78467737894124,0.190125733919601,0.591845478201611,0.623095478201611,1.26131345486113,0.225079022211138,-0.03125,2.37652285714286,0.925681766301418,2.40777285714286,1.09849631879463,0.227924279373253,0,0,-0.0963582185491276,-0.200402162629758,-0.00493676740916955,0.195465395220588,-0.107050807619543,0.00964044360359357,0.09818576069672,0.138043160634426,0.029212053294283,0.0981538353012034,0.107050807619543,-0.917188416230087,0.0296041207260586,-0.245093968253968,0,0.142210812006777,0.245093968253968,-0.142609882054819,-1.80239741986639,0,0,0.0162377043158861,0,0.044611107266436,0.044611107266436,0.0295675724787632,0.00147246152630108,0.0383726663955097,0.0836001826232775,0.0133298681628771,0.0295675724787632,0.0305441349787632,1.29779563144965,0.0115697942399441,-0.0009765625,0.113167755102041,0.0470408623415148,0.114144317602041,0.97465239977514,-0.487055358948228,1632.67342023261,567.292693413197,0.247543856303248,0,0.347462441896294,8,0
"33",20,7,33,0.058852263,0.052258857,0.05555556,0.0539072085,0.0572039115,0.003296703,0.05555556,2.1736501340418e-05,0.00466224209371607,0.003296703,0.003296703,0.003296703,0.003296703,0.0839203509732612,0.003296703,0.052258857,0.058852263,0.0556532882908441,0.006593406,-1.11008131293715e-15,-2.75,0,-0.000134559306122449,-6.72796530612245e-05,-0.000100919479591837,-3.36398265306123e-05,6.72796530612245e-05,-6.72796530612245e-05,9.05310343207747e-09,9.51477978309402e-05,6.72796530612245e-05,6.72796530612245e-05,6.72796530612245e-05,6.72796530612245e-05,-1.4142135623731,6.72796530612245e-05,-0.000134559306122449,0,9.51477978309402e-05,0.000134559306122449,0,-2.75,0.058852263,0,0.058852263,0.058852263,0.058852263,0,0.058852263,0,0,0,0,0,0,0,0,0.058852263,0.058852263,0.058852263,0,0,0,0,0.052258857,0.052258857,0.052258857,0.052258857,0,0.052258857,0,0,0,0,0,0,0,0,0.052258857,0.052258857,0.052258857,0,0,0,0,0,0,0,0,0,0,0,0,0,0,0,0,0,0,0,0,0,0,0,0,579,579,579,579,579,0,579,0,0,0,0,0,0,0,0,579,579,579,0,0,0,148,148,148,148,148,0,148,0,0,0,0,0,0,0,0,148,148,148,0,0,0,0,0,0,0,0,0,0,0,0,0,0,0,0,0,0,0,0,0,0,0,0,0,0,0,0,0,0,0,0,0,0,0,0,0,0,0,0,0,0,0,0,0,0,0,0,0,0,0,0,0,0,0,0,0,0,0,0,0,0,0,0,0,0,0,0,0,0,0,0,0,0,0,0,0,0,0,0,0,0,0,0,0,0,0,0,0,0,0,0,0,0,0,0,0,0,0,0,0,0,0,0,0,0,0,0,0,0,0,0,0,0,0,0,0,0,0,0,0,0,0,0,0,0,0,0,0,845.156790187478,0,0,0,0,49,0
"34",20,7,34,0.051037855,0.04029304,0.051037855,0.04029304,0.052747257,0.012454217,0.0485958508888889,5.31188007884376e-05,0.00728826459374504,0.0102564121111111,0.00380952562222222,0.00781440911111111,0.00830281088888889,0.149977095995483,0.00242942153124835,0.04029304,0.058852263,0.0490792566715009,0.018559223,-0.0184818804414256,-1.82662725635991,0,0,0,-0.000229835617647059,0,0.000229835617647059,-2.44998480392157e-05,9.47558066691192e-08,0.000307824311367896,0.000561740348039215,2.44998480392157e-05,0.000205335769607843,0.000373430837745098,-12.5643355369052,0.000102608103789299,-0.000381562875,0.000537240499999999,0.000291251826191405,0.000918803375,0.604875989605195,-1.15067976730918,0.051037855,0,0.051037855,0.051037855,0.051037855,0,0.051037855,0,0,0,0,0,0,0,0,0.051037855,0.051037855,0.051037855,0,0,0,0,0.04029304,0.04029304,0.04029304,0.04029304,0,0.04029304,0,0,0,0,0,0,0,0,0.04029304,0.04029304,0.04029304,0,0,0,0,0,0.052503057,0.042612943,0.0545787585,0.0119658155,0.049433109,5.7523890926636e-05,0.00758445060150279,0.009419154,0.003551371,0.00697715099999999,0.009140069,0.153428557396679,0.00286665287466152,0.04029304,0.058852263,0.0499293346403566,0.018559223,0,0,580,0,377.4872,26.862812,540.60254,513.739728,303.706426888889,64845.3607743491,254.64752261577,303.706426888889,152.266628622222,273.029273111111,287.588739688889,0.838466031899065,84.88250753859,0,580,387.140690733907,580,-0.137711693845729,-1.98264650108266,206,395,210.47278,204.15088,379.79462,175.64374,274.61394,8567.9728107551,92.563344855051,120.38606,66.824828,83.18694,111.262832,0.337067174576247,30.854448285017,189.99866,395,288.14717051206,205.00134,0.357338525751491,-1.93178919171624,0,0,-36.13316,-88.18855,-3.26430000000005,84.92425,-64.4444444444444,5267.27778550977,72.5760138441742,147.048915555556,26.4844128888889,61.1801444444444,68.5413000888889,-1.12617952516822,24.1920046147247,-211.49336,0,93.9952717852552,211.49336,-0.805343226629483,-0.796700570350345,0,0,0,-1.42833999999999,20.47412,21.90246,21,1403.1322221126,37.4584065613128,68.20874,14.917848,22.42834,43.879568,1.7837336457768,12.4861355204376,-12.72388,89.20874,41.0880596022478,101.93262,0.937815793082145,-0.964626858651281,0,0,-4.40745823529412,-6.22039294117647,-0.326430000000005,5.89396294117646,-3.7781042001634,10.6715001751797,3.26672621674663,4.9175850498366,1.70125778496732,2.9375987998366,3.7781042001634,-0.864646934990661,1.08890873891554,-8.69568925,0,4.87440758254636,8.69568925,-0.0344324197294137,-1.76972872322154,0,0,0,-0.0840199999999995,2.62378647058823,2.70780647058823,1.29938191013072,4.18107317277232,2.04476726616315,3.70768683986928,1.29938191013072,1.38340191013072,2.2294924996732,1.57364609297773,0.68158908872105,-0.748463529411765,5.00706875,2.32484469057262,5.75553227941177,0.650615383228721,-1.32809307638743,0,0,-0.182952733564014,-0.3444865234375,-0.0326430000000005,0.3118435234375,-0.351864341061731,0.279492923582471,0.528670902908861,1.32706140893827,0.138387801269344,0.226836105767614,0.351864341061731,-1.50248502395448,0.176223634302954,-1.67892575,0,0.610120208488733,1.67892575,-1.65972870341681,1.47675756216951,0,0,0,-0.00494235294117644,0.07997703125,0.0849193841911764,0.150329383228806,0.101542195057245,0.318656860991953,0.800006866771193,0.119461307104239,0.155271736169983,0.179035009803201,2.11972439550921,0.106218953663984,-0.0440272664359862,0.950336249999999,0.335944418619698,0.994363516435986,1.69250794306452,1.46357861907293,1447.81226568374,610.017212871899,0.315011413289002,0,0.421337232271487,9,0
"35",20,7,35,0.06715507,0.030525032,0.030525032,0.030525032,0.048840051,0.018315019,0.0427350446666667,0.000447253227960481,0.0211483622997262,0.0244200253333333,0.0122100126666667,0.0122100126666667,0.0195360202666667,0.494871655445395,0.0122100126666667,0.030525032,0.06715507,0.0460917873520036,0.036630038,0.384900179459751,-2.33333333333333,0,0,0,-0.000555000575757576,0,0.000555000575757576,-0.000370000383838384,4.10700852121654e-07,0.000640859463628067,0.000740000767676768,0.000370000383838384,0.000370000383838384,0.000592000614141414,-1.73205080756888,0.000370000383838384,-0.00111000115151515,0,0.000640859463628067,0.00111000115151515,-0.38490017945975,-2.33333333333333,0.06715507,0,0.06715507,0.06715507,0.06715507,0,0.06715507,0,0,0,0,0,0,0,0,0.06715507,0.06715507,0.06715507,0,0,0,0,0.030525032,0.030525032,0.030525032,0.030525032,0,0.030525032,0,0,0,0,0,0,0,0,0.030525032,0.030525032,0.030525032,0,0,0,0,0,0.030525032,0.030525032,0.030525032,0,0.030525032,0,0,0,0,0,0,0,0,0.030525032,0.030525032,0.030525032,0,0,0,269,269,269,269,269,0,269,0,0,0,0,0,0,0,0,269,269,269,0,0,0,150,149,149,148.971315,149.5,0.528684999999996,149.31421,0.353553772299997,0.594603878477089,0.685789999999997,0.337157999999999,0.371579999999994,0.560105999999996,0.00398223235736966,0.343294709299943,148.94263,150,149.314999281515,1.05736999999999,0.380873071373073,-2.33333333333333,0,0,0,0,0,0,0,0,0,0,0,0,0,0,0,0,0,0,0,0,0,0,0.0573699999999917,0,-0.528684999999996,0.0286849999999959,0.557369999999992,-0.333333333333333,0.393994650233324,0.627689931601045,0.724036666666658,0.35628133333333,0.390703333333325,0.590703333333325,-1.88306979480313,0.362396950977481,-1.05736999999999,0.0573699999999917,0.61137076415761,1.11473999999998,-0.381286066284092,-2.33333333333333,0,0,0,0,0,0,0,0,0,0,0,0,0,0,0,0,0,0,0,0,0,0,0.00358562499999948,0,-0.0160207575757574,0.00179281249999974,0.0178135700757572,-0.00948529671717181,0.000384801419203505,0.0196163559104005,0.0225562184343431,0.0109195467171716,0.0130709217171713,0.0187620997474744,-2.06808036641467,0.0113255083653892,-0.0320415151515149,0.00358562499999948,0.0186146483523539,0.0356271401515144,-0.370483122714856,-2.33333333333333,0,0,0,0,0,0,0,0,0,0,0,0,0,0,0,0,0,0,0,0,0,0,0.000224101562499968,0,-0.00048547750229568,0.000112050781249984,0.000597528283545664,-0.000248951147363798,4.03522554967341e-07,0.000635234252041986,0.000722003857227563,0.000338591772363785,0.000473052709863765,0.000622423398282044,-2.55164219473833,0.000366752666414911,-0.000970955004591361,0.000224101562499968,0.000575318790253408,0.00119505656709133,-0.331712213647134,-2.33333333333333,532.886392236954,1,-1.5707963267949,0,0.00187657259514958,16,0
